<?xml version="1.0" encoding="UTF-8"?>
<data>
	<restaurant>
		<num>1</num>
		<name>미즈컨테이너</name>
		<category>양식</category>
		<address>대구대</address>
		<img>https://search.pstatic.net/common/?src=http%3A%2F%2Fblogfiles.naver.net%2FMjAyMDA1MTlfMjE2%2FMDAxNTg5ODU1MjIyNDUz.64589N7HqPzGE_4bn4SACE8W2OQg_jSlJaYEi0IIh7Eg.C-7VVhsSqIz2rcLV4j9OgLu7uthHtFoCfabbxszkF_Yg.JPEG.hjy071067%2FKakaoTalk_20200519_110355033_14.jpg</img>
		<introduction>대구 미즈컨테이너 본점</introduction>
		<embed>https://place.map.kakao.com/27462086</embed>
		<tags>
			파스타
			스테이크
			샐러드
			스파게티
		</tags>
	</restaurant>
	<restaurant>
		<num>2</num>
		<name>먹으면좋으리순대국밥1번지</name>
		<category>한식</category>
		<address>대구대</address>
		<img>https://mblogthumb-phinf.pstatic.net/20160507_287/simjk21_1462588662302Bxqav_JPEG/20160506_203256.jpg?type=w2</img>
		<introduction>두툼한 고기 순대에 고소하고 깊은 국물 맛</introduction>
		<embed>https://place.map.kakao.com/1831107992</embed>
		<tags>
			순대
			국밥
			고기
		</tags>
	</restaurant>
	<restaurant>
		<num>3</num>
		<name>쪼닭</name>
		<category>한식</category>
		<address>대구대</address>
		<img>https://img1.kakaocdn.net/cthumb/local/R1920x0/?fname=https%3A%2F%2Fpostfiles.pstatic.net%2FMjAyMTEyMDJfMjg1%2FMDAxNjM4NDExODY4ODU3.LMkc4lsqZaxc6M0mbT2GguowcRyhGhhpTWXv5TbwKy4g.Jt7-xwNi3afXd2Cw2YnrfYNbnBFDrlGy3u3FRrhRHlkg.JPEG.hippoeating%2FIMG_2875.jpg%3Ftype%3Dw966</img>
		<introduction>닭을 감칠맛 나는 양념에 쪼려 만든 쪼닭</introduction>
		<embed>https://place.map.kakao.com/724173971</embed>
		<tags>
			닭
			찜닭
			고기
		</tags>
	</restaurant>
	<restaurant>
		<num>4</num>
		<name>통큰감자탕</name>
		<category>한식</category>
		<address>대구대</address>
		<img>https://img1.kakaocdn.net/cthumb/local/R1920x0/?fname=https%3A%2F%2Fpostfiles.pstatic.net%2FMjAyMjExMjNfNDgg%2FMDAxNjY5MTY4OTIzODky.QFLfpYhIWoJWDTVvQuSqpKjoMMi9mKQwa4pOs5K3EtEg.Z4EsY8bYFaF_USQGPbs5MJ6pp_LTvlmjlXMPnTHsmQUg.JPEG.lovelyram2%2FSE-AF6565E3-93E5-4CA0-95DC-9566C493B64E.jpg%3Ftype%3Dw966</img>
		<introduction>해장하러 왔다가 술 먹고 갈지도 모를 집</introduction>
		<embed>https://place.map.kakao.com/27235757</embed>
		<tags>
			고기
			해장국
			감자탕
			국밥
		</tags>
	</restaurant>
	<restaurant>
		<num>5</num>
		<name>우당탕반점</name>
		<category>중식</category>
		<address>대구대</address>
		<img>https://img1.kakaocdn.net/cthumb/local/R1920x0/?fname=http%3A%2F%2Fpostfiles16.naver.net%2FMjAyMDAyMDNfMTI2%2FMDAxNTgwNzM3Mjg0ODc4.STSdmwdGuAr3xPLnR81WlyhXH7be-xUeT9GZCIRz6AYg.7U92KlzEfRD3ETWD-xBKNc6nQ2kprfKuEb_T9jVho2cg.JPEG.whahdrn12%2F484A8BDC-AFC9-49F9-98E5-968F2746D172.jpg%3Ftype%3Dw773</img>
		<introduction>탕수육 맛집</introduction>
		<embed>https://place.map.kakao.com/10078404</embed>
		<tags>
			중국집
			짜장면
			짬뽕
			탕수육
		</tags>
	</restaurant>
	<restaurant>
		<num>6</num>
		<name>카츠데이</name>
		<category>일식</category>
		<address>대구대</address>
		<img>https://search.pstatic.net/common/?autoRotate=true&amp;amp;quality=95&amp;amp;src=https%3A%2F%2Fldb-phinf.pstatic.net%2F20200427_228%2F1587963551990bOWDr_JPEG%2FTT50NAk73gywOs-JeP6JUS61FcwBRHoo4SLszTDtsGVVOccMeTHugMOP7pV_cp0m.jpg&amp;amp;type=h166</img>
		<introduction>엄청 큰 치즈 돈까스</introduction>
		<embed>https://m.place.naver.com/restaurant/1002667908/home</embed>
		<tags>
			돈까스
			라멘
			카레
			치즈
		</tags>
	</restaurant>
	<restaurant>
		<num>7</num>
		<name>일미닭갈비 대구대점</name>
		<category>한식</category>
		<address>대구대</address>
		<img>https://img1.kakaocdn.net/cthumb/local/R1920x0/?fname=https%3A%2F%2Fpostfiles.pstatic.net%2FMjAyMTExMjRfNTEg%2FMDAxNjM3NzA2MDA5NzMx.ptEMbz-KFIpAujr1lGv4Pam-Urdg-Q-u-pzml2zB7Cgg.asVsDpH6Y4fmfzuY4lQBwiXBXsNgSODPkvKqYn1yGQYg.JPEG.olik456%2FIMG_4271.jpg%3Ftype%3Dw966</img>
		<introduction>밥까지 긁어 먹어야 하는 닭갈비 맛집</introduction>
		<embed>https://place.map.kakao.com/23700491</embed>
		<tags>
			닭갈비
			닭
			고기
		</tags>
	</restaurant>
	<restaurant>
		<num>8</num>
		<name>오덕후</name>
		<category>한식</category>
		<address>대구대</address>
		<img>https://search.pstatic.net/common/?autoRotate=true&amp;quality=95&amp;src=https%3A%2F%2Fldb-phinf.pstatic.net%2F20211213_131%2F1639382879394yjg5K_JPEG%2F_6GgKMqiATyBeoVmNRqDzaWvNU9f3hhAdjsdsAZm4jhWH0v-fiB7Qmw0rfBWoe0Z.jpg&amp;type=h166</img>
		<introduction>훈제 오리 맛집</introduction>
		<embed>https://place.map.kakao.com/61782666</embed>
		<tags>
			오리
			고기
			훈제
		</tags>
	</restaurant>
	<restaurant>
		<num>9</num>
		<name>핸즈커피 대구대점</name>
		<category>카페</category>
		<address>대구대</address>
		<img>https://story-img.kakaocdn.net/dn/bkzJxH/hynAwncUi5/K0o1kLqNaXB1pHYJHM6o9k/img_xl.jpg?width=1434&amp;height=1077&amp;avg=%2523765848&amp;v=2</img>
		<introduction>분위기 있고 디저트가 맛있는 카페</introduction>
		<embed>https://place.map.kakao.com/14838023</embed>
		<tags>
			커피
			디저트
			커피
			아메리카노
		</tags>
	</restaurant>
	<restaurant>
		<num>10</num>
		<name>왕이모네식당</name>
		<category>한식</category>
		<address>대구대</address>
		<img>https://img1.kakaocdn.net/cthumb/local/R1920x0/?fname=https%3A%2F%2Fk.kakaocdn.net%2Fdn%2Fb8jw3C%2FbtqEBPFLYHe%2FfkFgNlJf7Oukj3j3kqrhf0%2Fimg.jpg</img>
		<introduction>밑반찬 무한 리필에 저렴한 한식집</introduction>
		<embed>https://place.map.kakao.com/1157219576</embed>
		<tags>
			된장찌개
			제육볶음
			김치찌개
			순두부찌개
			백반
			한정식
		</tags>
	</restaurant>
	<restaurant>
		<num>11</num>
		<name>마고플레인 대구대삼거리점</name>
		<category>베이커리</category>
		<address>대구대</address>
		<img>https://img1.kakaocdn.net/cthumb/local/R1920x0/?fname=https%3A%2F%2Fk.kakaocdn.net%2Fdn%2FcvpMAp%2FbtrJEKN2BTS%2Fk6Nk3OkWkl636F17kVS3z0%2Fimg.jpg</img>
		<introduction>경산 최대 규모의 베이커리 카페</introduction>
		<embed>https://place.map.kakao.com/1290947163</embed>
		<tags>
			빵
			커피
			크로와상
			케이크
			아메리카노
		</tags>
	</restaurant>
	<restaurant>
		<num>12</num>
		<name>촛대바위</name>
		<category>한식</category>
		<address>대구대</address>
		<img>https://img1.kakaocdn.net/cthumb/local/R1920x0/?fname=http%3A%2F%2Ft1.daumcdn.net%2Fplace%2F275E0F0FBB1541428493F692C1CD39A7</img>
		<introduction>술집인데 양 많고 밥이 맛있는 곳</introduction>
		<embed>https://place.map.kakao.com/16236084</embed>
		<tags>
			오징어덮밥
			제육
			두루치기
			닭발
			부침개
			술
		</tags>
	</restaurant>
	<restaurant>
		<num>13</num>
		<name>대구닭꼬치</name>
		<category>야식</category>
		<address>대구대</address>
		<img>https://img1.kakaocdn.net/cthumb/local/R1920x0/?fname=http%3A%2F%2Fpostfiles10.naver.net%2FMjAyMDEwMDFfMTEw%2FMDAxNjAxNDg1MzE0Njky.z4COUeQOE8AudeCBRINt0vxIYDGExZIaAQnsr8FPkK8g.AIM3acNKEIsTOwWo7BtcsgTCFf_PGHx4MSGdvxPQJqQg.JPEG.rhdalwls0519%2Foutput_3027688320.jpg%3Ftype%3Dw773</img>
		<introduction>정문 지나갈 때 마다 냄새에 홀려서 들어가게 되는 곳</introduction>
		<embed>https://place.map.kakao.com/1530758742</embed>
		<tags>
			닭꼬치
			닭
			고기
		</tags>
	</restaurant>
	<restaurant>
		<num>14</num>
		<name>오위커피</name>
		<category>카페</category>
		<address>대구대</address>
		<img>https://img1.kakaocdn.net/cthumb/local/R1920x0/?fname=https%3A%2F%2Fpostfiles.pstatic.net%2FMjAyMTExMjBfMjky%2FMDAxNjM3MzYwNTA5OTEx.ozcK4AvPmShKfto1T_RzxCB5Aexiqz-nLDwFRCszCUQg.e9ObNyuJ6wPPdQOmp5JX2kT4OA4mcmz3fSaCMtw_vAkg.JPEG.lightwaterr%2F1637360502392.jpg%3Ftype%3Dw966</img>
		<introduction>조용하고 이쁘고 디저트가 전부 맛있는 카페</introduction>
		<embed>https://place.map.kakao.com/1409037064</embed>
		<tags>
			커피
			애플망고스무디
			빵
			디저트
			크로플
		</tags>
	</restaurant>
	<restaurant>
		<num>15</num>
		<name>밤마실</name>
		<category>한식</category>
		<address>대구대</address>
		<img>https://img1.kakaocdn.net/cthumb/local/R1920x0/?fname=http%3A%2F%2Ft1.daumcdn.net%2Flocal%2FkakaomapPhoto%2Freview%2F90215cfd42d135d755fc544bf2faec1075b3000e%3Foriginal</img>
		<introduction>숨겨진 위치의 뭉티기, 육회 맛집</introduction>
		<embed>https://place.map.kakao.com/14855034</embed>
		<tags>
			고기
			육회
			뭉티기
			술
		</tags>
	</restaurant>

	<restaurant>
		<num>1</num>
		<name>퀴다 하양 본점</name>
		<category>양식</category>
		<address>하양</address>
		<img>https://img1.kakaocdn.net/cthumb/local/R1920x0/?fname=http%3A%2F%2Ft1.daumcdn.net%2Flocal%2FkakaomapPhoto%2Freview%2F3f24c2e51f0ed88c85f9ba66abab410e942c280c%3Foriginal</img>
		<introduction>트러플 크림 리조또 맛집</introduction>
		<embed>https://place.map.kakao.com/1024387303</embed>
		<tags>
			알리오올리오
			파스타
			리조또
			스파게티
		</tags>
	</restaurant>
	<restaurant>
		<num>2</num>
		<name>교동면옥 하양점</name>
		<category>한식</category>
		<address>하양</address>
		<img>https://img1.kakaocdn.net/cthumb/local/R1920x0/?fname=http%3A%2F%2Ft1.kakaocdn.net%2Fmystore%2F74C456CB777447FD84030A5410E876A6</img>
		<introduction>육전냉면도 맛있고 특냉면에 명태회무침 맛짐</introduction>
		<embed>https://place.map.kakao.com/2090192089</embed>
		<tags>
			갈비찜
			물냉면
			비빔냉면
			갈비탕
			육전
		</tags>
	</restaurant>
	<restaurant>
		<num>3</num>
		<name>오이시</name>
		<category>일식</category>
		<address>하양</address>
		<img>https://img1.kakaocdn.net/cthumb/local/R1920x0/?fname=http%3A%2F%2Ft1.daumcdn.net%2Fplace%2F516E9AE17C18485EA534EA36F120ED44</img>
		<introduction>일식 돈까스 맛집</introduction>
		<embed>https://place.map.kakao.com/21255865</embed>
		<tags>
			돈까스
			라멘
			히레
		</tags>
	</restaurant>
	<restaurant>
		<num>4</num>
		<name>키햐아 하양점</name>
		<category>일식</category>
		<address>하양</address>
		<img>https://img1.kakaocdn.net/cthumb/local/R1920x0/?fname=https%3A%2F%2Fpostfiles.pstatic.net%2FMjAyMTA2MDhfMTQw%2FMDAxNjIzMTQyNjIwNzI2._EdFJxVbkyDVno-qKz2zBNjETEH8_OaNGyhEA8IF38Ug.339A4blSYRnpGsnjZir28NRBLiP2m11Dh6d2T5gDX-Ig.JPEG.minjizzang80%2F1623142452513.jpg%3Ftype%3Dw773</img>
		<introduction>자극적인 덮밥 맛집</introduction>
		<embed>https://place.map.kakao.com/892895848</embed>
		<tags>
			규동
			우동
			하라미동
			나가사키
		</tags>
	</restaurant>
	<restaurant>
		<num>5</num>
		<name>스시카츠 하양점</name>
		<category>일식</category>
		<address>하양</address>
		<img>https://pup-review-phinf.pstatic.net/MjAyMjExMThfMTA0/MDAxNjY4NzcxMjM4MTkw.zT3eMgCMHcyqt3CUPpxZ5wNYqvrACp95e-zlAzWFgxEg.OGFua2Sews5h7-MkI8I2w2fARatVfPmazSDg01QTr6Ig.JPEG/image.jpg</img>
		<introduction>참치타다끼 특히 맛있음</introduction>
		<embed>https://place.map.kakao.com/1204477350</embed>
		<tags>
			스시
			초밥
		</tags>
	</restaurant>
	<restaurant>
		<num>6</num>
		<name>단비식탁</name>
		<category>한식</category>
		<address>하양</address>
		<img>https://img1.kakaocdn.net/cthumb/local/R1920x0/?fname=http%3A%2F%2Ft1.daumcdn.net%2Flocal%2FkakaomapPhoto%2Freview%2F3c5928c7b4a5effce09080d819817ac3e4642eac%3Foriginal</img>
		<introduction>연어장덮밥 맛집</introduction>
		<embed>https://place.map.kakao.com/1173802356</embed>
		<tags>
			연어
			닭볶음탕
			덮밥
		</tags>
	</restaurant>
	<restaurant>
		<num>7</num>
		<name>디저트 숲</name>
		<category>카페</category>
		<address>하양</address>
		<img>https://img1.kakaocdn.net/cthumb/local/R1920x0/?fname=http%3A%2F%2Ft1.daumcdn.net%2Flocal%2FkakaomapPhoto%2Freview%2F25dcaaccaaa4001f4e58fcf0c66d73acb1254aac%3Foriginal</img>
		<introduction>소금빵, 버터바, 생크림딸기케잌 등 디저트 다 맛있는 집</introduction>
		<embed>https://place.map.kakao.com/1845954090</embed>
		<tags>
			커피
			소금빵
			버터바
			케잌
			케이크
		</tags>
	</restaurant>
	<restaurant>
		<num>8</num>
		<name>차돌풍 경산하양점</name>
		<category>한식</category>
		<address>하양</address>
		<img>https://img1.kakaocdn.net/cthumb/local/R1920x0/?fname=http%3A%2F%2Fpostfiles8.naver.net%2FMjAyMDAyMTRfMTU0%2FMDAxNTgxNjYyNzIwNDY1.AXi7xgR-XEPHN7aMoqV8aO7g14R2P0IrWHDKPBStBfsg.GW4SgENbpc78daJYkWXcv5BEt94XmUwBD75gxoapdUIg.JPEG.zchldlstnz%2FIMG_0670.jpg%3Ftype%3Dw773</img>
		<introduction>차돌박이 맛집</introduction>
		<embed>https://place.map.kakao.com/131231299</embed>
		<tags>
			고기
			차돌박이
			우삼겹
			부채살
			돼지고기
		</tags>
	</restaurant>
	<restaurant>
		<num>9</num>
		<name>또오고 마라탕 하양점</name>
		<category>중식</category>
		<address>하양</address>
		<img>https://search.pstatic.net/common/?src=http%3A%2F%2Fblogfiles.naver.net%2FMjAyMjAzMjBfODMg%2FMDAxNjQ3Nzg2MDAxODIz.3NiEEgpe8MnPJzl0qWXRnYJEzCJ1HIhM9QmXLgXPNLgg._5xY64wkQHddi5yhIS6_1M4RmrxY0VT9p0uFEFRlZtAg.PNG.mysoft41%2Fimage.png</img>
		<introduction>마라탕도 맛있고 마라샹궈가 진짜 맛있는 맛집</introduction>
		<embed>https://place.map.kakao.com/1427038563</embed>
		<tags>
			마라탕
			마라샹궈
			마라
		</tags>
	</restaurant>
	<restaurant>
		<num>10</num>
		<name>후라이드 참 잘하는집 하양점</name>
		<category>치킨</category>
		<address>하양</address>
		<img>https://img1.kakaocdn.net/cthumb/local/R1920x0/?fname=http%3A%2F%2Ft1.daumcdn.net%2Fplace%2F8534009FEE3542159FE45660FACB8367</img>
		<introduction>요 근처 후라이드 제일 맛있는 집</introduction>
		<embed>https://place.map.kakao.com/317183184</embed>
		<tags>
			치킨
			닭
			후라이드
		</tags>
	</restaurant>
	<restaurant>
		<num>11</num>
		<name>블루웨이 샐러드</name>
		<category>샐러드</category>
		<address>하양</address>
		<img>https://img1.kakaocdn.net/cthumb/local/R1920x0/?fname=https%3A%2F%2Fpostfiles.pstatic.net%2FMjAyMjA4MDhfMjMx%2FMDAxNjU5OTYxNjEzODE0.BT_t9AK4nHiRYQwS6yXtLyCB8WlxatyQbsbaXdnHE_Yg.Y2aTJ1c9BDlV3mFoQJMLV_MYiJdZg_VLRHdiKlp3jzcg.JPEG.hmynj%2F1659961606088.jpg%3Ftype%3Dw773</img>
		<introduction>샐러드, 포케 맛집. 그릭요거트도 꾸덕하고 맛있음</introduction>
		<embed>https://place.map.kakao.com/1276558432</embed>
		<tags>
			포케
			샐러드
			그릭요거트
			참치크래커
		</tags>
	</restaurant>
	<restaurant>
		<num>12</num>
		<name>요거트월드 하양점</name>
		<category>카페</category>
		<address>하양</address>
		<img>https://img1.kakaocdn.net/cthumb/local/R1920x0/?fname=https%3A%2F%2Fpostfiles.pstatic.net%2FMjAyMjExMTNfOTUg%2FMDAxNjY4Mjk4MzgzODA1.JwVuW9PCyY7hzqtO6I_NQDGF5KuzSCklEsrzvROv70Ig.0mAY5yzxVVVNmLE4novU4CLuTYsBrzTZrJovEGHeQ7Qg.JPEG.gnombest%2F1.jpg%3Ftype%3Dw966</img>
		<introduction>허비니 그릭요거트 최고</introduction>
		<embed>https://place.map.kakao.com/148260882</embed>
		<tags>
			그릭요거트
			허비니
			커피
		</tags>
	</restaurant>
	<restaurant>
		<num>13</num>
		<name>낫낫</name>
		<category>아시안</category>
		<address>하양</address>
		<img>https://img1.kakaocdn.net/cthumb/local/R1920x0/?fname=http%3A%2F%2Ft1.daumcdn.net%2Fplace%2F588BC9CDBBAE494CA18F9090CE0D82CF</img>
		<introduction>모든 메뉴가 실패 없는 베트남 맛집</introduction>
		<embed>https://place.map.kakao.com/1966109701</embed>
		<tags>
			쌀국수
			팟타이
			분짜
		</tags>
	</restaurant>
	<restaurant>
		<num>14</num>
		<name>다니상점 하양점</name>
		<category>기타</category>
		<address>하양</address>
		<img>https://img1.kakaocdn.net/cthumb/local/R1920x0/?fname=http%3A%2F%2Ft1.daumcdn.net%2Fplace%2F76987F73A3404DFDA245249A97E7880F</img>
		<introduction>블루베리, 리코타치즈, 치킨랩 다 맛있는 샌드위치 맛집</introduction>
		<embed>https://place.map.kakao.com/2755775</embed>
		<tags>
			샌드위치
		</tags>
	</restaurant>
	<restaurant>
		<num>15</num>
		<name>오아시스세이</name>
		<category>카페</category>
		<address>하양</address>
		<img>https://img1.kakaocdn.net/cthumb/local/R1920x0/?fname=http%3A%2F%2Ft1.daumcdn.net%2Flocal%2FkakaomapPhoto%2Freview%2F08bd2006aea1247a5f7d36024dbb1aaadc400d7d%3Foriginal</img>
		<introduction>크로플 맛집인 대형 감성 카페</introduction>
		<embed>https://place.map.kakao.com/1846047345</embed>
		<tags>
			커피
			크로플
			라떼
		</tags>
	</restaurant>

	<restaurant>
        <num>1</num>
        <name>수봉반점</name>
        <category>중식</category>
        <address>북구</address>
        <img>https://pup-review-phinf.pstatic.net/MjAyMjExMjZfMjMy/MDAxNjY5NDQyMDY2MzIw.f-gkReiJU6nE572ZxCABgBNZ_VjURX2jZaKGkAMdPUsg.EJeelj37VmRTkAiDHyQ247WZab51Cc__47336hfWgZIg.JPEG/6C5FADB1-63E1-4B2B-AED1-F26618B24E31.jpeg</img>
        <introduction>백종원의 3대천왕에 소개된 중화비빔밥 맛집</introduction>
        <embed>https://place.map.kakao.com/9870379</embed>
        <tags>
            짜장면
            짬뽕
            중화비빔밥
            탕수육
        </tags>
    </restaurant>
    <restaurant>
        <num>2</num>
        <name>단골식당</name>
        <category>한식</category>
        <address>북구</address>
        <img>https://img1.kakaocdn.net/cthumb/local/R0x420/?fname=http%3A%2F%2Ft1.daumcdn.net%2Flocal%2FkakaomapPhoto%2Freview%2F2d8ec802371e81218aa1c5100eddc417985242f3%3Foriginal</img>
        <introduction>연탄불고기 전문점</introduction>
        <embed>https://place.map.kakao.com/8835317</embed>
        <tags>
            불고기
        </tags>
    </restaurant>
    <restaurant>
        <num>3</num>
        <name>꽃돼지식당</name>
        <category>한식</category>
        <address>북구</address>
        <img>https://img1.kakaocdn.net/cthumb/local/R0x420/?fname=http%3A%2F%2Fpostfiles13.naver.net%2FMjAxOTEyMjlfMjY3%2FMDAxNTc3NTg5MzIyODQw.E4Bz0clVViiEad1-w7xE19OiCQU2NTErnfpPzoirUxcg.HBc8bGYnbBGNV0kjhsPp7TgtVg7RsvnI4Z3kU9tW4zAg.JPEG.kimsei8890%2FIMG_1880.JPG%3Ftype%3Dw580</img>
        <introduction>깔끔하고 맛있는 고기</introduction>
        <embed>https://place.map.kakao.com/1049594915</embed>
        <tags>
            돼지고기
            소고기
            대창
            특양구이
        </tags>
    </restaurant>
    <restaurant>
        <num>4</num>
        <name>조돌해녀</name>
        <category>한식</category>
        <address>북구</address>
        <img>https://img1.kakaocdn.net/cthumb/local/R0x420/?fname=http%3A%2F%2Ft1.daumcdn.net%2Flocal%2FkakaomapPhoto%2Freview%2F1021e92b730cb25a3f9d2885b2ae68989946912f%3Foriginal</img>
        <introduction>푸짐한 해물탕 맛집</introduction>
        <embed>https://place.map.kakao.com/27410628</embed>
        <tags>
            해물탕
            매운탕
        </tags>
    </restaurant>
    <restaurant>
        <num>5</num>
        <name>이가네 더덕밥</name>
        <category>한식</category>
        <address>북구</address>
        <img>https://img1.kakaocdn.net/cthumb/local/R0x420/?fname=https%3A%2F%2Fk.kakaocdn.net%2Fdn%2FA0Yz4%2FbtrxjHVrJoO%2FHaXxPHK1fWo4bik8jvrL4k%2Fimg.jpg</img>
        <introduction>더덕구이 맛집</introduction>
        <embed>https://place.map.kakao.com/15711350</embed>
        <tags>
            불고기
            더덕
        </tags>
    </restaurant>
    <restaurant>
        <num>6</num>
        <name>림터</name>
        <category>양식</category>
        <address>북구</address>
        <img>https://img1.kakaocdn.net/cthumb/local/R0x420/?fname=http%3A%2F%2Fpostfiles3.naver.net%2FMjAxOTEyMTdfOTYg%2FMDAxNTc2NTc1NjU1ODc1.sLr7YAkxLmtt9VMqMDrG-VvNQeZ2zcmefNsst9RGJaog.b8GkIm9OTjwzeLu6oLvgtSRpDhKTTL36tncqj9pM4Yog.JPEG.hyoin255%2FSE-4abb0b3e-802a-4fae-bd2e-182c915b0efa.jpg%3Ftype%3Dw966</img>
        <introduction>감미로운 맛의 이탈리안 음식점</introduction>
        <embed>https://place.map.kakao.com/11520580</embed>
        <tags>
            파스타
            스테이크
            피자
			스파게티
        </tags>
    </restaurant>
    <restaurant>
        <num>7</num>
        <name>숯처녀숯총각</name>
        <category>한식</category>
        <address>북구</address>
        <img>https://mblogthumb-phinf.pstatic.net/MjAxODA2MTJfOTIg/MDAxNTI4ODEyNTM2NTk3.dUgfqUFD9tTcRpzwUzwUqsj7fWJ7Mskt1eBnwvFVGSkg.Oco45JlW72mQ_x8MQmCSm6-71SYmRIqb4wbHttzNLHgg.JPEG.iooi2929/IMG_1972.JPG?type=w800</img>
        <introduction>참나무를 사용한 돼지고기</introduction>
        <embed>https://place.map.kakao.com/12351221</embed>
        <tags>
            돼지고기
        </tags>
    </restaurant>
    <restaurant>
        <num>8</num>
        <name>메타피자</name>
        <category>양식</category>
        <address>북구</address>
        <img>https://img1.kakaocdn.net/cthumb/local/R0x420/?fname=http%3A%2F%2Ft1.kakaocdn.net%2Fmystore%2FAC8E5C9E43C440808EED9BE4324FADFA</img>
        <introduction>화덕피자 맛집</introduction>
        <embed>https://place.map.kakao.com/27460007</embed>
        <tags>
            피자
            화덕피자
        </tags>
    </restaurant>
    <restaurant>
        <num>9</num>
        <name>정성식육식당</name>
        <category>한식</category>
        <address>북구</address>
        <img>https://img1.kakaocdn.net/cthumb/local/R0x420/?fname=http%3A%2F%2Ft1.daumcdn.net%2Fplace%2FC52B7F26580F4ACAA3F7F400CAE480A0</img>
        <introduction>북구 최고의 가성비 맛집!!</introduction>
        <embed>https://place.map.kakao.com/358519035</embed>
        <tags>
            소고기
            육회
			돼지고기
        </tags>
    </restaurant>
    <restaurant>
        <num>10</num>
        <name>조선숯불갈비</name>
        <category>한식</category>
        <address>북구</address>
        <img>https://img1.kakaocdn.net/cthumb/local/R0x420/?fname=http%3A%2F%2Ft1.daumcdn.net%2Fplace%2F8E98E483582043AE8A9585A11226B1C3</img>
        <introduction>북구 최고의 숯불갈비 맛집!!</introduction>
        <embed>https://place.map.kakao.com/277305341</embed>
        <tags>
            갈비
            돼지고기
        </tags>
    </restaurant>
    <restaurant>
        <num>11</num>
        <name>국수본가</name>
        <category>한식</category>
        <address>북구</address>
        <img>https://img1.kakaocdn.net/cthumb/local/R0x420/?fname=http%3A%2F%2Ft1.daumcdn.net%2Fplace%2FA9ED5CD0F475424A907AC5B934F57031</img>
        <introduction>북구 최고의 국수 맛집!!</introduction>
        <embed>https://place.map.kakao.com/15510319</embed>
        <tags>
            국수
            칼국수
        </tags>
    </restaurant>
    <restaurant>
        <num>12</num>
        <name>그리미돈까스</name>
        <category>일식</category>
        <address>북구</address>
        <img>https://img1.kakaocdn.net/cthumb/local/R0x420/?fname=http%3A%2F%2Ft1.daumcdn.net%2Flocal%2FkakaomapPhoto%2Freview%2F2b735cf3415e872bf13e67b665ef152439e4f39e%3Foriginal</img>
        <introduction>사르르 녹는 돈까스 맛집</introduction>
        <embed>https://place.map.kakao.com/1779257151</embed>
        <tags>
            돈까스
        </tags>
    </restaurant>
    <restaurant>
        <num>13</num>
        <name>더홍</name>
        <category>중식</category>
        <address>북구</address>
        <img>https://img1.kakaocdn.net/cthumb/local/R0x420/?fname=https%3A%2F%2Fpostfiles.pstatic.net%2FMjAyMjA3MTFfMTA0%2FMDAxNjU3NTQ3MzI4MDgw.DK7hKN07cZiZeMZAk5xbCX181Eyo_QZdlywW8IhA-OUg.n9FUa8o2kw0tbPcZcud2DN6Jvl69SXFBoGwPPYzsrOQg.JPEG.dst02028%2FIMG_4369.jpg%3Ftype%3Dw966</img>
        <introduction>깔끔하고 맛있는 중화요리</introduction>
        <embed>https://place.map.kakao.com/14861857</embed>
        <tags>
            짜장면
            짬뽕
            야끼우동
            탕수육
        </tags>
    </restaurant>
    <restaurant>
        <num>14</num>
        <name>예손가손칼국수</name>
        <category>한식</category>
        <address>북구</address>
        <img>https://img1.kakaocdn.net/cthumb/local/R0x420/?fname=http%3A%2F%2Ft1.daumcdn.net%2Flocal%2FkakaomapPhoto%2Freview%2F92485a9f86d66184f8bf58bd86011ddc629e0fe9%3Foriginal</img>
        <introduction>닭 육수로 우린 칼국수 맛집</introduction>
        <embed>https://place.map.kakao.com/9284667</embed>
        <tags>
            칼국수
            수육
            순대
        </tags>
    </restaurant>
    <restaurant>
        <num>15</num>
        <name>기민부엌</name>
        <category>한식</category>
        <address>북구</address>
        <img>https://img1.kakaocdn.net/cthumb/local/R0x420/?fname=http%3A%2F%2Ft1.daumcdn.net%2Fplace%2F43AFC4EE7ED147BA8AF6F369ADABCA02</img>
        <introduction>세련미가 있는 보쌈 맛집</introduction>
        <embed>https://place.map.kakao.com/57698167</embed>
        <tags>
            보쌈
            쭈꾸미
            불고기
        </tags>
    </restaurant>

    <restaurant>
        <num>1</num>
        <name>명산가</name>
        <category>한식</category>
        <address>동구</address>
        <img>https://img1.kakaocdn.net/cthumb/local/R0x420/?fname=http%3A%2F%2Ft1.daumcdn.net%2Fplace%2F1D3745D55D5D41D99AD1223368B30446</img>
        <introduction>정갈하고 맛있는 한정식집</introduction>
        <embed>https://place.map.kakao.com/1714514689#review</embed>
        <tags>
            보리굴비
            곤드레밥
            한정식
        </tags>
    </restaurant>
    <restaurant>
        <num>2</num>
        <name>기와집</name>
        <category>한식</category>
        <address>동구</address>
        <img>https://img1.kakaocdn.net/cthumb/local/R0x420/?fname=http%3A%2F%2Ft1.daumcdn.net%2Fplace%2FDCF5B75EF4E1484BA51033DBA867F868</img>
        <introduction>깊은 풍미가 느껴지는 삼계탕 맛집</introduction>
        <embed>https://place.map.kakao.com/11023538</embed>
        <tags>
            삼계탕
            메로찜
            닭도리탕
        </tags>
    </restaurant>
    <restaurant>
        <num>3</num>
        <name>녹수동태탕찜</name>
        <category>한식</category>
        <address>동구</address>
        <img>https://img1.kakaocdn.net/cthumb/local/R0x420/?fname=https%3A%2F%2Fpostfiles.pstatic.net%2FMjAyMTEyMjBfMjA3%2FMDAxNjM5OTkwNjk1ODQx.c4OwnGvpeC1ZjRk4sX723PFYGdBNRka1Obre9NYFo78g.nOcaEiAl232Uyb6ANlENkuuvsexHmhvAwGKOVeQiWrog.JPEG.nengsu68%2F20211220%25EF%25BC%25BF125520.jpg%3Ftype%3Dw966</img>
        <introduction>동태탕이 땡길땐? 녹수동태탕찜!</introduction>
        <embed>https://place.map.kakao.com/9035915</embed>
        <tags>
            동태탕
            동태찜
            해물탕
        </tags>
    </restaurant>
    <restaurant>
        <num>4</num>
        <name>자인식당</name>
        <category>한식</category>
        <address>동구</address>
        <img>https://img1.kakaocdn.net/cthumb/local/R0x420/?fname=http%3A%2F%2Ft1.daumcdn.net%2Fplace%2FC00E549475BB4CF597C77E179204F018</img>
        <introduction>상다리가 휘어지는 추어탕 맛집</introduction>
        <embed>https://place.map.kakao.com/8541468</embed>
        <tags>
            추어탕
        </tags>
    </restaurant>
    <restaurant>
        <num>5</num>
        <name>품한정식</name>
        <category>한식</category>
        <address>동구</address>
        <img>https://img1.kakaocdn.net/cthumb/local/R0x420/?fname=http%3A%2F%2Ft1.daumcdn.net%2Fplace%2F5F37DC48B3DF4B96B9E94E2408B3A418</img>
        <introduction> 가성비 좋은 한정식 맛집!</introduction>
        <embed>https://place.map.kakao.com/1141356517</embed>
        <tags>
            보리밥
            육회
            돌솥밥
            불고기
			한정식
        </tags>
    </restaurant>
    <restaurant>
        <num>6</num>
        <name>백리향</name>
        <category>중식</category>
        <address>동구</address>
        <img>https://img1.kakaocdn.net/cthumb/local/R0x420/?fname=http%3A%2F%2Ft1.daumcdn.net%2Fplace%2FF565ADE0E1DC486A8EAF50E5B79B80E1</img>
        <introduction>한번 맛보면 빠져나올수 없는 중식 맛집</introduction>
        <embed>https://place.map.kakao.com/925277792</embed>
        <tags>
            짜장면
            짬뽕
            탕수육
        </tags>
    </restaurant>
    <restaurant>
        <num>7</num>
        <name>메리어트 어반키친</name>
        <category>뷔페</category>
        <address>동구</address>
        <img>https://img1.kakaocdn.net/cthumb/local/R0x420/?fname=https%3A%2F%2Fpostfiles.pstatic.net%2FMjAyMjA2MjdfMTIz%2FMDAxNjU2MzM1NDU2Njc5.Dz-v-6syPam9BPzxRDCp-F0mVS34gPC2XSD0YaG-CYEg.3TfAupmEcFvNDDU_b4ftGtqVwGcE2aSS-k3dg-N3RWkg.JPEG.darams91%2F1656335456571.jpg%3Ftype%3Dw966</img>
        <introduction>최고품질의 다이닝 레스토랑</introduction>
        <embed>https://place.map.kakao.com/1487609873</embed>
        <tags>
            파스타
            고기
            해산물
            와인
            돼지고기
            디저트
			스파게티
        </tags>
    </restaurant>
    <restaurant>
        <num>8</num>
        <name>수린</name>
        <category>한식</category>
        <address>동구</address>
        <img>https://img1.kakaocdn.net/cthumb/local/R0x420/?fname=https%3A%2F%2Fpostfiles.pstatic.net%2FMjAyMjExMTZfMTc0%2FMDAxNjY4NjAxOTA2MTUx.m1ZoDhRkMCGg4Sajxn66ZSJOqfUGXV0WypB1NSSYUrUg.qiN-a0QozU15Skvi1jtIOpP44m-51JDA8sG8_g9ILHQg.JPEG.suger012%2FIMG_6568.jpg%3Ftype%3Dw966</img>
        <introduction>프리미엄 숙선 한우 오마카세!</introduction>
        <embed>https://place.map.kakao.com/1397389139</embed>
        <tags>
            한우
            소고기
        </tags>
    </restaurant>
    <restaurant>
        <num>9</num>
        <name>상해루</name>
        <category>중식</category>
        <address>동구</address>
        <img>https://img1.kakaocdn.net/cthumb/local/R0x420/?fname=http%3A%2F%2Ft1.daumcdn.net%2Fplace%2FAE0BC3892B474B878E2B4A4335D80561</img>
        <introduction>중국음식의 자존심...!</introduction>
        <embed>https://place.map.kakao.com/305204283</embed>
        <tags>
            짜장면
            짬뽕
            탕수육
            볶음밥
        </tags>
    </restaurant>
    <restaurant>
        <num>10</num>
        <name>호남정</name>
        <category>한식</category>
        <address>동구</address>
        <img>https://img1.kakaocdn.net/cthumb/local/R0x420/?fname=http%3A%2F%2Ft1.daumcdn.net%2Fplace%2F8B8F150E54994BB0A1E7E25229D9A1A2</img>
        <introduction>다채로운 계절감을 느낄수있는 한식 맛집</introduction>
        <embed>https://place.map.kakao.com/1377123063</embed>
        <tags>
            매생이죽
            계절식
            문어
			한정식
        </tags>
    </restaurant>
    <restaurant>
        <num>11</num>
        <name>서리빛</name>
        <category>한식</category>
        <address>동구</address>
        <img>https://img1.kakaocdn.net/cthumb/local/R0x420/?fname=http%3A%2F%2Ft1.daumcdn.net%2Fplace%2F14A26F94EDBB46CFBE3E2E02981CF079</img>
        <introduction>깔끔하고 맛있는 평양 물냉면</introduction>
        <embed>https://place.map.kakao.com/305279600</embed>
        <tags>
            냉면
        </tags>
    </restaurant>
    <restaurant>
        <num>12</num>
        <name>만수정</name>
        <category>한식</category>
        <address>동구</address>
        <img>https://img1.kakaocdn.net/cthumb/local/R0x420/?fname=http%3A%2F%2Ft1.daumcdn.net%2Flocal%2FkakaomapPhoto%2Freview%2Fbce4600735a8a631d8d4f10c404ca1653cfa97b1%3Foriginal</img>
        <introduction>신선하고 맛있는 장어구이!</introduction>
        <embed>https://place.map.kakao.com/12800028</embed>
        <tags>
            장어
        </tags>
    </restaurant>
    <restaurant>
        <num>13</num>
        <name>쉬어가는집</name>
        <category>한식</category>
        <address>동구</address>
        <img>https://img1.kakaocdn.net/cthumb/local/R0x420/?fname=http%3A%2F%2Ft1.daumcdn.net%2Fplace%2FD0D9D0F8E54645C0A455123D7AFBFE46</img>
        <introduction> 인기만점 코다리 맛집</introduction>
        <embed>https://place.map.kakao.com/11519378</embed>
        <tags>
            코다리
            코다리찜
            코다리탕
        </tags>
    </restaurant>
    <restaurant>
        <num>14</num>
        <name>해금강</name>
        <category>한식</category>
        <address>동구</address>
        <img>https://img1.kakaocdn.net/cthumb/local/R0x420/?fname=http%3A%2F%2Ft1.daumcdn.net%2Flocalfiy%2F7F8F59046E3748D2B8BDB37D110A70F7</img>
        <introduction>둘이먹다 하나가 죽어도 모르는 복어요리 전문점!</introduction>
        <embed>https://place.map.kakao.com/19271195</embed>
        <tags>
            복어
        </tags>
    </restaurant>
    <restaurant>
        <num>15</num>
        <name>황소돌곱창</name>
        <category>한식</category>
        <address>동구</address>
        <img>https://img1.kakaocdn.net/cthumb/local/R0x420/?fname=http%3A%2F%2Ft1.daumcdn.net%2Flocal%2FkakaomapPhoto%2Freview%2Febdd31198797774fda265d4f2155532cd2617dbcaf459215baa4f52734440449</img>
        <introduction>스트레스받을땐 황소돌곱창!</introduction>
        <embed>https://place.map.kakao.com/967978046</embed>
        <tags>
            곱창
            대창
            막창
			돼지고기
        </tags>
    </restaurant>

    <restaurant>
        <num>1</num>
        <name>정미네</name>
        <category>한식</category>
        <address>달성군</address>
        <img>https://img1.kakaocdn.net/cthumb/local/R0x420/?fname=http%3A%2F%2Ft1.daumcdn.net%2Fplace%2F4EA0E07B2D12494DBE8FB82087AF361F</img>
        <introduction>바삭하고 고소한 감자전 맛집</introduction>
        <embed>https://place.map.kakao.com/16286575#none</embed>
        <tags>
            감자전
            돼지불고기
            미나리전
            수제비
			한정식
        </tags>
    </restaurant>
    <restaurant>
        <num>2</num>
        <name>무쇠짬뽕</name>
        <category>중식</category>
        <address>달성군</address>
        <img>https://img1.kakaocdn.net/cthumb/local/R0x420/?fname=http%3A%2F%2Ft1.daumcdn.net%2Fplace%2F1EF9A4FE723D47F1B1346029BE480ED9</img>
        <introduction>심금을 울리는 맛</introduction>
        <embed>https://place.map.kakao.com/25776442</embed>
        <tags>
            짜장면
            짬뽕
            탕수육
        </tags>
    </restaurant>
    <restaurant>
        <num>3</num>
        <name>다사오르막석쇠불고기</name>
        <category>한식</category>
        <address>달성군</address>
        <img>https://img1.kakaocdn.net/cthumb/local/R0x420/?fname=http%3A%2F%2Ft1.daumcdn.net%2Fplace%2F6F5AAC4B27EC43E6B3595DFDCE2FA886</img>
        <introduction>전통과 맛 모두 챙긴 맛집!!</introduction>
        <embed>https://place.map.kakao.com/25626265</embed>
        <tags>
            불고기
        </tags>
    </restaurant>
    <restaurant>
        <num>4</num>
        <name>오팔팔촌돼지</name>
        <category>한식</category>
        <address>달성군</address>
        <img>https://pup-review-phinf.pstatic.net/MjAyMjA5MjVfMjI4/MDAxNjY0MTAxMzI1MTM5.kee9ULPQHrkHmnCiY2s-TCFvD20QvL1BOUs2aXpYWa8g.XCBNA-MUhE41ejbwIBfc6RUsA0cFt3IVQNYq1-6PVI0g.JPEG/293EBD5E-79B0-47E8-82D6-F9FF243E1C8C.jpeg</img>
        <introduction>다사에 소문난 맛집!</introduction>
        <embed>https://place.map.kakao.com/1983188057</embed>
        <tags>
            돼지고기
            삼겹살
            목살
        </tags>
    </restaurant>
    <restaurant>
        <num>5</num>
        <name>복주감자탕</name>
        <category>한식</category>
        <address>달성군</address>
        <img>https://img1.kakaocdn.net/cthumb/local/R0x420/?fname=http%3A%2F%2Ft1.daumcdn.net%2Fplace%2FD4B699B884A84BD39ACAE29B5163CE43</img>
        <introduction>소문난 감자탕 맛집!!</introduction>
        <embed>https://place.map.kakao.com/390342581</embed>
        <tags>
            감자탕
			국밥
        </tags>
    </restaurant>
    <restaurant>
        <num>6</num>
        <name>화원애오리</name>
        <category>한식</category>
        <address>달성군</address>
        <img>https://img1.kakaocdn.net/cthumb/local/R0x420/?fname=http%3A%2F%2Ft1.daumcdn.net%2Fplace%2F0E8099D1704E45489DF64F987EED3CE5</img>
        <introduction>가성비 좋은 오리고기 전문점!</introduction>
        <embed>https://place.map.kakao.com/2003196329</embed>
        <tags>
            오리고기
            백숙
        </tags>
    </restaurant>
    <restaurant>
        <num>7</num>
        <name>오퐁드부아 티 하우스</name>
        <category>카페</category>
        <address>달성군</address>
        <img>https://img1.kakaocdn.net/cthumb/local/R0x420/?fname=http%3A%2F%2Ft1.daumcdn.net%2Flocal%2FkakaomapPhoto%2Freview%2Fc6ce0f68ed0ba4834e692e5c6daaaaf444141edc%3Foriginal</img>
        <introduction>생생한 계절감이 느껴지는 카페</introduction>
        <embed>https://place.map.kakao.com/1056707665</embed>
        <tags>
            커피
            디저트
            케이크
            마카롱
            음료
        </tags>
    </restaurant>
    <restaurant>
        <num>8</num>
        <name>더샤브샤브</name>
        <category>아시안</category>
        <address>달성군</address>
        <img>https://img1.kakaocdn.net/cthumb/local/R0x420/?fname=http%3A%2F%2Fpostfiles8.naver.net%2FMjAyMTAyMDlfMjg0%2FMDAxNjEyODcwNzg4MjQz.gRPVR8xbZJJqtYESEWna7RKzGw6lOf0CCS1Jd28TUi8g.T-gEHRnjbgTNvy7wmKQFlp-2PD4CtGGII3wRHIfpcugg.JPEG.fri102%2FSE-ba193b3e-6ac1-11eb-92ca-5737b0ef3a4d.jpg%3Ftype%3Dw773</img>
        <introduction>다사 샤브샤브는 더샤브샤브!</introduction>
        <embed>https://place.map.kakao.com/692296604</embed>
        <tags>
            샤브샤브
            쌈밥
        </tags>
    </restaurant>
    <restaurant>
        <num>9</num>
        <name>이음컴퍼니</name>
        <category>카페</category>
        <address>달성군</address>
        <img>https://img1.kakaocdn.net/cthumb/local/R0x420/?fname=http%3A%2F%2Ft1.daumcdn.net%2Flocal%2FkakaomapPhoto%2Freview%2F4811de83f3deec106a4e5c2beabf847c901e962d%3Foriginal</img>
        <introduction>특별함을 만긱하고 싶다면...</introduction>
        <embed>https://place.map.kakao.com/2076488857</embed>
        <tags>
            커피
            디저트
            케이크
        </tags>
    </restaurant>
    <restaurant>
        <num>10</num>
        <name>이사장네품격돼지</name>
        <category>한식</category>
        <address>달성군</address>
        <img>https://img1.kakaocdn.net/cthumb/local/R0x420/?fname=http%3A%2F%2Ft1.daumcdn.net%2Fplace%2F6A07D018ED3846BF930712DD1DD77EB6</img>
        <introduction>품격있는 돼지고기 맛집</introduction>
        <embed>https://place.map.kakao.com/2121408501</embed>
        <tags>
            삼겹살
            돼지고기
            목살
        </tags>
    </restaurant>
    <restaurant>
        <num>11</num>
        <name>선한어부</name>
        <category>한식</category>
        <address>달성군</address>
        <img>https://img1.kakaocdn.net/cthumb/local/R0x420/?fname=https%3A%2F%2Fk.kakaocdn.net%2Fdn%2FcsOEcC%2FbtqEoUVufsm%2FyGPADkxGxkN7yU2NnbHfA0%2Fimg.png</img>
        <introduction>새콤달콤 맛있는 물회!</introduction>
        <embed>https://place.map.kakao.com/1570686635</embed>
        <tags>
            물회
            회
        </tags>
    </restaurant>
    <restaurant>
        <num>12</num>
        <name>박대박왕소금구이</name>
        <category>한식</category>
        <address>달성군</address>
        <img>https://img1.kakaocdn.net/cthumb/local/R0x420/?fname=http%3A%2F%2Fpostfiles2.naver.net%2FMjAyMDAxMTFfMTQ0%2FMDAxNTc4NzU0NDg4MTAx._-Mee80ietSNYY5n4_S_JyBiBeM8nq_DCeZKFpmJblog.dadgJ-tUEU0ovAU5QHxmeUbkZNl3P0o7tr-0v961Cb4g.JPEG.qkslfek%2FIMG_4699.jpg%3Ftype%3Dw773</img>
        <introduction>대박 맛있는 소금구이집</introduction>
        <embed>https://place.map.kakao.com/1252986934</embed>
        <tags>
            삼겹살
            목살
            돼지고기
        </tags>
    </restaurant>
    <restaurant>
        <num>13</num>
        <name>스시호</name>
        <category>일식</category>
        <address>달성군</address>
        <img>https://img1.kakaocdn.net/cthumb/local/R0x420/?fname=http%3A%2F%2Ft1.daumcdn.net%2Flocal%2FkakaomapPhoto%2Freview%2Fce7654abf7f5a6cc91a21305970c4a3ea604fa53%3Foriginal</img>
        <introduction>스시먹고 싶을땐 스시호</introduction>
        <embed>https://place.map.kakao.com/254048033</embed>
        <tags>
            초밥
            스시
        </tags>
    </restaurant>
    <restaurant>
        <num>14</num>
        <name>새벽닭이울떄까지</name>
        <category>한식</category>
        <address>달성군</address>
        <img>https://img1.kakaocdn.net/cthumb/local/R0x420/?fname=https%3A%2F%2Fpostfiles.pstatic.net%2FMjAyMjEwMjhfODgg%2FMDAxNjY2OTMxOTUyNzc2.DI4vLecHZ9VsmGQIT_Zb7Y5KMoRK8RSw3OMiomYlnEgg.ubh2i1i3doA_rpXaAjPteM2LfltVDSiC8yii2BJOfcgg.JPEG.dasom7283s%2FKakaoTalk_20221001_142113685_16.jpg%3Ftype%3Dw773</img>
        <introduction>맵고 달달한 닭발 맛집!</introduction>
        <embed>https://place.map.kakao.com/26916768</embed>
        <tags>
            닭발
            닭갈비
        </tags>
    </restaurant>
    <restaurant>
        <num>15</num>
        <name>보백관</name>
        <category>한식</category>
        <address>달성군</address>
        <img>https://img1.kakaocdn.net/cthumb/local/R0x420/?fname=http%3A%2F%2Ft1.daumcdn.net%2Flocal%2FkakaomapPhoto%2Freview%2F94679ea86cd9be8a69029d28dc429ea8069efdb6%3Foriginal</img>
        <introduction>맛있는 돼지찌개 전문점</introduction>
        <embed>https://place.map.kakao.com/26778418</embed>
        <tags>
            돼지찌개
        </tags>
    </restaurant>

    <restaurant>
        <num>1</num>
        <name>에스파냐</name>
        <category>양식</category>
        <address>수성구</address>
        <img>https://img1.kakaocdn.net/cthumb/local/R0x420/?fname=http%3A%2F%2Ft1.daumcdn.net%2Flocal%2FkakaomapPhoto%2Freview%2Fa7c558e38570c05b40059986bd66e37685a77793%3Foriginal</img>
        <introduction>스페인 요리점 에스파냐</introduction>
        <embed>https://place.map.kakao.com/10568392</embed>
        <tags>
            코스요리
            파에야
            샐러드
        </tags>
    </restaurant>
    <restaurant>
        <num>2</num>
        <name>로우에디션</name>
        <category>양식</category>
        <address>수성구</address>
        <img>https://img1.kakaocdn.net/cthumb/local/R0x420/?fname=http%3A%2F%2Ft1.kakaocdn.net%2Ffiy_reboot%2Fplace%2F46FCC57E0448411B9377EACBC43DA80D</img>
        <introduction>양식점 로우에디션</introduction>
        <embed>https://place.map.kakao.com/1722006984</embed>
        <tags>
            스테이크
            파스타
            리조토
			스파게티
        </tags>
    </restaurant>
    <restaurant>
        <num>3</num>
        <name>금호돼지국밥전문점</name>
        <category>국밥</category>
        <address>수성구</address>
        <img>https://img1.kakaocdn.net/cthumb/local/R0x420/?fname=http%3A%2F%2Ft1.daumcdn.net%2Flocal%2FkakaomapPhoto%2Freview%2Fbdf1cd5c9709c1aba8e575cb28b6ba1fc0d591e9%3Foriginal.jpg</img>
        <introduction>대구 수성구 돼지국밥 전문점</introduction>
        <embed>https://place.map.kakao.com/1873721735</embed>
        <tags>
            국밥
            돼지국밥
            수육
        </tags>
    </restaurant>
    <restaurant>
        <num>4</num>
        <name>대성</name>
        <category>해산물</category>
        <address>수성구</address>
        <img>https://img1.kakaocdn.net/cthumb/local/R0x420/?fname=http%3A%2F%2Ft1.daumcdn.net%2Flocal%2FkakaomapPhoto%2Freview%2F3543429092de380acf8ab249f0fa380aec8d2052%3Foriginal.jpg</img>
        <introduction>쭈꾸미 낙지 볶음 전문 대성 본점</introduction>
        <embed>https://place.map.kakao.com/1668292141</embed>
        <tags>
            쭈꾸미
            낚지
            왕새우튀김
        </tags>
    </restaurant>
    <restaurant>
        <num>5</num>
        <name>리안</name>
        <category>중식</category>
        <address>수성구</address>
        <img>https://img1.kakaocdn.net/cthumb/local/R0x420/?fname=http%3A%2F%2Ft1.daumcdn.net%2Flocal%2FkakaomapPhoto%2Freview%2F1d30d1b320588a57eee142a1dc37d2112004a7a6%3Foriginal.jpg</img>
        <introduction>중화요리 전문점 리안</introduction>
        <embed>https://place.map.kakao.com/7863898</embed>
        <tags>
            야끼우동
            탕수육
            짜장면
        </tags>
    </restaurant>
    <restaurant>
        <num>6</num>
        <name>양문이</name>
        <category>한식</category>
        <address>수성구</address>
        <img>https://img1.kakaocdn.net/cthumb/local/R0x420/?fname=http%3A%2F%2Ft1.daumcdn.net%2Flocal%2FkakaomapPhoto%2Freview%2F7880eda1d44c88aeed7ed9b696f303710db25c1f%3Foriginal.jpg</img>
        <introduction>한식 퓨전요리 전문점 양문이</introduction>
        <embed>https://place.map.kakao.com/1690481520</embed>
        <tags>
            스테이크
            파스타
            된장찌개
			스파게티
        </tags>
    </restaurant>
    <restaurant>
        <num>7</num>
        <name>조조칼국수</name>
        <category>한식</category>
        <address>수성구</address>
        <img>https://img1.kakaocdn.net/cthumb/local/R0x420/?fname=http%3A%2F%2Ft1.daumcdn.net%2Flocal%2FkakaomapPhoto%2Freview%2F64981242375fc080e41245e5684e1f80732657d1%3Foriginal.jpg</img>
        <introduction>조조칼국수 본점</introduction>
        <embed>https://place.map.kakao.com/1305530650</embed>
        <tags>
            칼국수
            해물파전
            물총
        </tags>
    </restaurant>
    <restaurant>
        <num>8</num>
        <name>윤옥연할매떡볶이</name>
        <category>분식</category>
        <address>수성구</address>
        <img>https://img1.kakaocdn.net/cthumb/local/R0x420/?fname=http%3A%2F%2Ft1.daumcdn.net%2Flocal%2FkakaomapPhoto%2Freview%2F14f97fb1c068f426ee3fdc3fbb7c80120c1debdb%3Foriginal.jpg</img>
        <introduction>대구 윤옥연할매떢복이 본점</introduction>
        <embed>https://place.map.kakao.com/9340428</embed>
        <tags>
            떡볶이
            튀김
            순대
        </tags>
    </restaurant>
    <restaurant>
        <num>9</num>
        <name>여리식당</name>
        <category>일식</category>
        <address>수성구</address>
        <img>https://img1.kakaocdn.net/cthumb/local/R0x420/?fname=http%3A%2F%2Ft1.daumcdn.net%2Flocal%2FkakaomapPhoto%2Freview%2Fc466c5b7c857077924408e59a0c6765beb1492be%3Foriginal.jpg</img>
        <introduction>애견동반가능 일식당</introduction>
        <embed>https://place.map.kakao.com/1660299316</embed>
        <tags>
            덮밥
            파스타
            연어
			스파게티
        </tags>
    </restaurant>
    <restaurant>
        <num>10</num>
        <name>효탄</name>
        <category>일식</category>
        <address>수성구</address>
        <img>https://img1.kakaocdn.net/cthumb/local/R0x420/?fname=http%3A%2F%2Ft1.daumcdn.net%2Flocalfiy%2F40C72DA9F659471A9B481F1E0DBD1D57</img>
        <introduction>이자카야 선술집</introduction>
        <embed>https://place.map.kakao.com/1112317625</embed>
        <tags>
            사시미
            구이
            스키야키
        </tags>
    </restaurant>
    <restaurant>
        <num>11</num>
        <name>푸나왈라</name>
        <category>아시안</category>
        <address>수성구</address>
        <img>https://ldb-phinf.pstatic.net/20220618_63/1655540525843dhKL1_JPEG/39DFF6D4-BE88-499D-8868-293A1ACC31F7.jpeg</img>
        <introduction>인도요리 전문점 푸나왈라</introduction>
        <embed>https://place.map.kakao.com/869104156</embed>
        <tags>
            치킨
            카레
            쿠쉬탈리
        </tags>
    </restaurant>
    <restaurant>
        <num>12</num>
        <name>스완네</name>
        <category>카페</category>
        <address>수성구</address>
        <img>https://img1.kakaocdn.net/cthumb/local/R0x420/?fname=http%3A%2F%2Ft1.kakaocdn.net%2Fmystore%2F1F208303E29148728DF5D7786411860E</img>
        <introduction>빈티지 분위기 감성 카페 스완네</introduction>
        <embed>https://place.map.kakao.com/1621069822</embed>
        <tags>
            빙수
            스콘
            뱅쇼
			커피
        </tags>
    </restaurant>
    <restaurant>
        <num>13</num>
        <name>오스테리아밀즈</name>
        <category>양식</category>
        <address>수성구</address>
        <img>https://img1.kakaocdn.net/cthumb/local/R0x420/?fname=http%3A%2F%2Ft1.daumcdn.net%2Flocal%2FkakaomapPhoto%2Freview%2F11e5334f6226482f7c434bcfcabb4d3acf1eebbd%3Foriginal.jpg</img>
        <introduction>이탈리아 요리 전문점</introduction>
        <embed>https://place.map.kakao.com/1314598350</embed>
        <tags>
            카팰리니
            딸리아뗄레
            리조토
        </tags>
    </restaurant>
    <restaurant>
        <num>14</num>
        <name>후꾸스시</name>
        <category>일식</category>
        <address>수성구</address>
        <img>https://img1.kakaocdn.net/cthumb/local/R0x420/?fname=http%3A%2F%2Ft1.daumcdn.net%2Flocal%2FkakaomapPhoto%2Freview%2F637797f03e67fd6456d3c71dd3e784540a91f1f9%3Foriginal.jpg</img>
        <introduction>초밥 전문점 후꾸스시</introduction>
        <embed>https://place.map.kakao.com/1030018055</embed>
        <tags>
            연어초밥
            광어초밥
            회
        </tags>
    </restaurant>
    <restaurant>
        <num>15</num>
        <name>미성복어불고기</name>
        <category>해산물</category>
        <address>수성구</address>
        <img>https://img1.kakaocdn.net/cthumb/local/R0x420/?fname=http%3A%2F%2Ft1.daumcdn.net%2Flocal%2FkakaomapPhoto%2Freview%2F8ebce1b8cf9b2b13ce01fc318e4daa0dd6c61793%3Foriginal.jpg</img>
        <introduction>대구 미성복어불고기 본점</introduction>
        <embed>https://place.map.kakao.com/8991526</embed>
        <tags>
            복어
            콩나물복어불고기
            튀김
        </tags>
    </restaurant>

	<restaurant>
        <num>1</num>
        <name>마코토</name>
        <category>일식</category>
        <address>중구</address>
        <img>https://img1.kakaocdn.net/cthumb/local/R0x420/?fname=http%3A%2F%2Ft1.daumcdn.net%2Flocal%2FkakaomapPhoto%2Freview%2Fa8140303925afb715e22745a919133477843d020%3Foriginal.jpg</img>
        <introduction>일본풍 라면 츠케멘 전문점</introduction>
        <embed>https://place.map.kakao.com/140108348</embed>
        <tags>
            츠케멘
            교자
            오니기리
        </tags>
    </restaurant>
    <restaurant>
        <num>2</num>
        <name>회오리식당</name>
        <category>육류</category>
        <address>중구</address>
        <img>https://img1.kakaocdn.net/cthumb/local/R1920x0/?fname=http%3A%2F%2Ft1.daumcdn.net%2Flocal%2FkakaomapPhoto%2Freview%2F62edad9be4764e7c2f07fd9e52ac70080cee43a3%3Foriginal.jpg</img>
        <introduction>갈비 전문점 회오리식당</introduction>
        <embed>https://place.map.kakao.com/1529679832</embed>
        <tags>
            돼지갈비
            소갈비
            맥주
			돼지고기
        </tags>
    </restaurant>
    <restaurant>
        <num>3</num>
        <name>동아식당</name>
        <category>한식</category>
        <address>중구</address>
        <img>https://img1.kakaocdn.net/cthumb/local/R0x420/?fname=http%3A%2F%2Ft1.daumcdn.net%2Flocal%2FkakaomapPhoto%2Freview%2Fc245b56f68504feab514a695c908d43e0f5afe97%3Foriginal.jpg</img>
        <introduction>한식 백반 전문점 동아식당</introduction>
        <embed>https://place.map.kakao.com/1933999479</embed>
        <tags>
            고등어정식
            김치볶음밥
            김밥
			한정식
        </tags>
    </restaurant>
    <restaurant>
        <num>4</num>
        <name>도마29</name>
        <category>일식</category>
        <address>중구</address>
        <img>https://img1.kakaocdn.net/cthumb/local/R0x420/?fname=http%3A%2F%2Ft1.daumcdn.net%2Flocal%2FkakaomapPhoto%2Freview%2F4bc5143f021ff24bee279b45f5c9b0638f9c8994%3Foriginal.jpg</img>
        <introduction>연어초밥 전문점 도마29</introduction>
        <embed>https://place.map.kakao.com/91896634</embed>
        <tags>
            연어초밥
            광어초밥
            흐트러진덮밥
        </tags>
    </restaurant>
    <restaurant>
        <num>5</num>
        <name>연어로</name>
        <category>일식</category>
        <address>중구</address>
        <img>https://img1.kakaocdn.net/cthumb/local/R0x420/?fname=http%3A%2F%2Ft1.daumcdn.net%2Flocal%2FkakaomapPhoto%2Freview%2Fab997f4e74ee9ee47cc1efafc388fb97e640301d%3Foriginal.jpg</img>
        <introduction>사시미 초밥 전문점 연어로</introduction>
        <embed>https://place.map.kakao.com/253516718</embed>
        <tags>
            연어사시미
            연어초밥
            오코노미야끼
        </tags>
    </restaurant>
    <restaurant>
        <num>6</num>
        <name>최가네케익</name>
        <category>카페</category>
        <address>중구</address>
        <img>https://img1.kakaocdn.net/cthumb/local/R1920x0/?fname=http%3A%2F%2Ft1.daumcdn.net%2Flocal%2FkakaomapPhoto%2Freview%2Fb04f9ed7602d2227014cc586b4d7d71547d3aa37%3Foriginal.jpg</img>
        <introduction>케이크 전문점 최가네케익</introduction>
        <embed>https://place.map.kakao.com/8577033</embed>
        <tags>
            딸기케이크
            오페라
            치즈케이크
			커피
        </tags>
    </restaurant>
    <restaurant>
        <num>7</num>
        <name>루시드</name>
        <category>카페</category>
        <address>중구</address>
        <img>https://img1.kakaocdn.net/cthumb/local/R0x420/?fname=http%3A%2F%2Ft1.daumcdn.net%2Flocal%2FkakaomapPhoto%2Freview%2Fc5deaca249600dce681c0e2e7336ef8c4e2f241c%3Foriginal</img>
        <introduction>푸딩빙수가 유명한 카페 루시드</introduction>
        <embed>https://place.map.kakao.com/10348734</embed>
        <tags>
            푸딩빙수
            카페라떼
            아메리카노
			커피
        </tags>
    </restaurant>
    <restaurant>
        <num>8</num>
        <name>마리포사</name>
        <category>베이커리</category>
        <address>중구</address>
        <img>https://img1.kakaocdn.net/cthumb/local/R0x420/?fname=https%3A%2F%2Fpostfiles.pstatic.net%2FMjAyMjA4MTJfNDgg%2FMDAxNjYwMjY4NzU0NjU3.gAGdXXRbiZFtwZ8mZ-aqOKddkKQBMFSiR_7gjHxFc2Qg.h8TaK_s95o7u0iaD_sKh-1SrmRlCa1bFR4w6_NXtOswg.JPEG.ckduswjd93%2FIMG_4328.JPG%3Ftype%3Dw773</img>
        <introduction>부산에서 올라온 베이커리 맛집 마리포사</introduction>
        <embed>https://place.map.kakao.com/457736367</embed>
        <tags>
            빵
            수제초콜릿
            케이크
        </tags>
    </restaurant>
    <restaurant>
        <num>9</num>
        <name>중화반점</name>
        <category>중식</category>
        <address>중구</address>
        <img>https://img1.kakaocdn.net/cthumb/local/R1920x0/?fname=http%3A%2F%2Ft1.daumcdn.net%2Flocal%2FkakaomapPhoto%2Freview%2F28440ca592914d7a992698ff550aff3207b2361a%3Foriginal.jpg</img>
        <introduction>샤오마이가 유명한 중식레스토랑 중화반점</introduction>
        <embed>https://place.map.kakao.com/24171572</embed>
        <tags>
            샤오마이
            샤오룽바오
            탕수육
			짜장면
        </tags>
    </restaurant>
    <restaurant>
        <num>10</num>
        <name>국일따로국밥</name>
        <category>한식</category>
        <address>중구</address>
        <img>https://img1.kakaocdn.net/cthumb/local/R1920x0/?fname=http%3A%2F%2Ft1.daumcdn.net%2Flocal%2FkakaomapPhoto%2Freview%2F25e9b822574c372ffbb09c45188e6b7cc88fd9b1%3Foriginal.jpg</img>
        <introduction>몸도 마음도 뜨끈해지는 국밥집 국일따로국밥</introduction>
        <embed>https://place.map.kakao.com/21227749</embed>
        <tags>
            따로국밥
            따로국수
            선지
        </tags>
    </restaurant>
    <restaurant>
        <num>11</num>
        <name>혜옥당</name>
        <category>한식</category>
        <address>중구</address>
        <img>https://img1.kakaocdn.net/cthumb/local/R0x420/?fname=http%3A%2F%2Ft1.daumcdn.net%2Fplace%2FEA359002E7114FD9BC31C4D3BB7F6A46</img>
        <introduction>대구 삼겹살 맛집 혜옥당</introduction>
        <embed>https://place.map.kakao.com/287156559</embed>
        <tags>
            삼겹살
            목살
            항정살
			돼지고기
        </tags>
    </restaurant>
    <restaurant>
        <num>12</num>
        <name>신라식당</name>
        <category>한식</category>
        <address>중구</address>
        <img>https://img1.kakaocdn.net/cthumb/local/R1920x0/?fname=http%3A%2F%2Ft1.daumcdn.net%2Flocal%2FkakaomapPhoto%2Freview%2F222677a4e536a195c2a24bd91b4a075328a35f4b%3Foriginal.jpg</img>
        <introduction>대구 인기 데이트코스 한식당 신라식당</introduction>
        <embed>https://place.map.kakao.com/15380037</embed>
        <tags>
            순두부찌개
            제육볶음
            낙지볶음
			한정식
        </tags>
    </restaurant>
    <restaurant>
        <num>13</num>
        <name>알로하돈부리</name>
        <category>일식</category>
        <address>중구</address>
        <img>https://img1.kakaocdn.net/cthumb/local/R1920x0/?fname=http%3A%2F%2Ft1.daumcdn.net%2Flocal%2FkakaomapPhoto%2Freview%2Fcb6da528f4c410788ac37b950a00dabcc9d99963%3Foriginal.jpg</img>
        <introduction>퓨전 일식 전문점 알로하돈부리</introduction>
        <embed>https://place.map.kakao.com/27284818</embed>
        <tags>
            가츠동
            사케동
            에비동
        </tags>
    </restaurant>
    <restaurant>
        <num>14</num>
        <name>유타로</name>
        <category>일식</category>
        <address>중구</address>
        <img>https://img1.kakaocdn.net/cthumb/local/R1920x0/?fname=http%3A%2F%2Ft1.daumcdn.net%2Flocal%2FkakaomapPhoto%2Freview%2F992f61bd9cec0d253e6fb66b2ac2c6a02f676d08%3Foriginal.jpg</img>
        <introduction>일본풍 라멘 전문점 유타로</introduction>
        <embed>https://place.map.kakao.com/13063340</embed>
        <tags>
            탄탄면
            시로
            쿠로
        </tags>
    </restaurant>
    <restaurant>
        <num>15</num>
        <name>부케</name>
        <category>양식</category>
        <address>중구</address>
        <img>https://img1.kakaocdn.net/cthumb/local/R1920x0/?fname=http%3A%2F%2Ft1.daumcdn.net%2Flocal%2FkakaomapPhoto%2Freview%2F7bdda348e1f7c4b2b116c894c1092a56082214c3%3Foriginal.jpg</img>
        <introduction>이탈리아 요리 전문점 부케</introduction>
        <embed>https://place.map.kakao.com/400535677</embed>
        <tags>
            스테이크
            리조토
            파스타
			스파게티
        </tags>
    </restaurant>

	<restaurant>
		<num>1</num>
		<name>마이야르</name>
		<category>양식</category>
		<address>서구</address>
		<img>https://img1.kakaocdn.net/cthumb/local/R0x420/?fname=https%3A%2F%2Fpostfiles.pstatic.net%2FMjAyMjA5MDhfMTEw%2FMDAxNjYyNjQ1NTQwNTc3.jG8_Kc0MXhnPJYNOyenscPMZmdkyq7USBJbzdG9Swo0g.zMrODVD5Ulff3RZPOIkbqzf7wxIbfhBgDR1ntV7bq98g.JPEG.tlagpwl1004%2FIMG_5987.jpg%3Ftype%3Dw966</img>
		<introduction>분위기 좋은 맛집</introduction>
		<embed>https://place.map.kakao.com/344223659</embed>
		<tags>
			파스타
			필라프
			돈가스
			스파게티
		</tags>
	</restaurant>
	<restaurant>
		<num>2</num>
		<name>푸른회식당</name>
		<category>해산물</category>
		<address>서구</address>
		<img>https://img1.kakaocdn.net/cthumb/local/R0x420/?fname=http%3A%2F%2Ft1.daumcdn.net%2Fplace%2FAA6ED733F37045DE9FBA237D7FB6CB76</img>
		<introduction>무침회로 유명한 집</introduction>
		<embed>https://place.map.kakao.com/21315532</embed>
		<tags>
			무침회
			만두
			가오리찜
		</tags>
	</restaurant>
	<restaurant>
		<num>3</num>
		<name>구공탄막창 형님본점</name>
		<category>한식</category>
		<address>서구</address>
		<img>https://img1.kakaocdn.net/cthumb/local/R0x420/?fname=http%3A%2F%2Ft1.daumcdn.net%2Flocal%2FkakaomapPhoto%2Freview%2F63f3139c3ff990697645d3f5fbbfea452b0f11ab%3Foriginal</img>
		<introduction>야들야들한 막창</introduction>
		<embed>https://place.map.kakao.com/13133002</embed>
		<tags>
			막창
		</tags>
	</restaurant>
	<restaurant>
		<num>4</num>
		<name>베테랑쌀국수</name>
		<category>아시안</category>
		<address>서구</address>
		<img>https://img1.kakaocdn.net/cthumb/local/R0x420/?fname=http%3A%2F%2Ft1.daumcdn.net%2Fplace%2F6C982FD2AED94135BDF22D8A78493BA7</img>
		<introduction>베트남 쌀국수</introduction>
		<embed>https://place.map.kakao.com/2081675469</embed>
		<tags>
			쌀국수
		</tags>
	</restaurant>
	<restaurant>
		<num>5</num>
		<name>의성무침회 본점</name>
		<category>해산물</category>
		<address>서구</address>
		<img>https://img1.kakaocdn.net/cthumb/local/R0x420/?fname=https%3A%2F%2Fblogfiles.pstatic.net%2FMjAyMDAxMTZfMjky%2FMDAxNTc5MTc0MDA3Nzk2.AaOvF3RnzXI_Sgll5w3-ZFjapATISDX75TaPyHTGNBgg.qeD6Klx2zszNHaNkYkA-AX75UkeLnG_rI8Jpo1Iuvl4g.JPEG.sjw1071%2FSAM_0417.JPG%3Ftype%3Dw2</img>
		<introduction>극한의 가성비 맛집</introduction>
		<embed>https://place.map.kakao.com/11180271</embed>
		<tags>
			무침회
			미주구리회
			가오리회
		</tags>
	</restaurant>
	<restaurant>
		<num>6</num>
		<name>우복당</name>
		<category>한식</category>
		<address>서구</address>
		<img>https://img1.kakaocdn.net/cthumb/local/R0x420/?fname=https%3A%2F%2Fpostfiles.pstatic.net%2FMjAyMjA1MDVfNDYg%2FMDAxNjUxNzQzNzQzNDM2.5XTVFJc8qedt8ZBpUGIw6WLV0UFhGELQITP_VgEQWQsg.gyEJ4XmnRqY3g-5L-FXn2Yc2TO2PbBQyPg96xXRPgSEg.JPEG.candy07t%2FSE-a584da9e-cc50-11ec-b8f8-a38b264341dd.jpg%3Ftype%3Dw773</img>
		<introduction>깔끔한 맛에 계속 손이 가는 우복당</introduction>
		<embed>https://place.map.kakao.com/16458571</embed>
		<tags>
			국밥
			보쌈
		</tags>
	</restaurant>
	<restaurant>
		<num>7</num>
		<name>손복자 부산 할매낙지</name>
		<category>해산물</category>
		<address>서구</address>
		<img>https://img1.kakaocdn.net/cthumb/local/R0x420/?fname=http%3A%2F%2Ft1.daumcdn.net%2Flocal%2FkakaomapPhoto%2Freview%2F9d27637e344ca5f239464b4d43614abad5f2f5a2%3Foriginal</img>
		<introduction>재료 본연의 맛</introduction>
		<embed>https://place.map.kakao.com/7953290</embed>
		<tags>
			산낙지볶음
			산낙지회
			낙곱전골
		</tags>
	</restaurant>
	<restaurant>
		<num>8</num>
		<name>100번식당삶은고기전문</name>
		<category>한식</category>
		<address>서구</address>
		<img>https://img1.kakaocdn.net/cthumb/local/R0x420/?fname=http%3A%2F%2Ft1.daumcdn.net%2Flocal%2FkakaomapPhoto%2Freview%2Fde1a471debb33b4c77e06d60ebbbb9f0d52398e0%3Foriginal</img>
		<introduction>가성비 좋은 맛집</introduction>
		<embed>https://place.map.kakao.com/1647932116</embed>
		<tags>
			수욕
			순대
			국밥
		</tags>
	</restaurant>
	<restaurant>
		<num>9</num>
		<name>완뽕 본점</name>
		<category>중식</category>
		<address>서구</address>
		<img>https://img1.kakaocdn.net/cthumb/local/R0x420/?fname=https%3A%2F%2Fpostfiles.pstatic.net%2FMjAyMjA5MTlfMjQ1%2FMDAxNjYzNTY3NTA5OTI5.-25jxjMbp5-Nl3an-wa14oJGu5N9zBnjDaD7Qf0wHF4g.0lDnORYYqBU-hUOG9L6x4EbKVxWnfdbTIHI28xVhzFwg.JPEG.umji357%2F20220918%25EF%25BC%25BF153844.jpg%3Ftype%3Dw773</img>
		<introduction>가득한 짬뽕</introduction>
		<embed>https://place.map.kakao.com/1530294934</embed>
		<tags>
			짬뽕
			짜장면
			탕수욕
		</tags>
	</restaurant>
	<restaurant>
		<num>10</num>
		<name>평상면옥</name>
		<category>한식</category>
		<address>서구</address>
		<img>https://img1.kakaocdn.net/cthumb/local/R0x420/?fname=http%3A%2F%2Ft1.daumcdn.net%2Flocalfiy%2F876B3E36E200454CB7E1D293C6E13945</img>
		<introduction>구성이 알차고 맛있는 집</introduction>
		<embed>https://place.map.kakao.com/1352788256</embed>
		<tags>
			칼국수
			국밥
			보쌈
			냉면
		</tags>
	</restaurant>
	<restaurant>
		<num>11</num>
		<name>나리네농수산</name>
		<category>해산물</category>
		<address>서구</address>
		<img>https://img1.kakaocdn.net/cthumb/local/R0x420/?fname=http%3A%2F%2Ft1.kakaocdn.net%2Fmystore%2FEB1D046461D34BD4BC99CAF90ED451CC</img>
		<introduction>가성비 좋은 집</introduction>
		<embed>https://place.map.kakao.com/2129209078</embed>
		<tags>
			새우
			오징어
			대게
			홍게
		</tags>
	</restaurant>
	<restaurant>
		<num>12</num>
		<name>소소 식당</name>
		<category>일식</category>
		<address>서구</address>
		<img>https://img1.kakaocdn.net/cthumb/local/R0x420/?fname=http%3A%2F%2Ft1.daumcdn.net%2Fplace%2FFC4536C92472498E87F2452B28336F7D</img>
		<introduction>매력적이고 분위기 좋은 집</introduction>
		<embed>https://place.map.kakao.com/201849967</embed>
		<tags>
			돼지고기 덮밥
			돈가츠
			우동
		</tags>
	</restaurant>
	<restaurant>
		<num>13</num>
		<name>닭의도리 본점</name>
		<category>한식</category>
		<address>서구</address>
		<img>https://img1.kakaocdn.net/cthumb/local/R0x420/?fname=https%3A%2F%2Fpostfiles.pstatic.net%2FMjAyMjA4MDVfMjU3%2FMDAxNjU5NjcyMDc0OTA5.ix9gJXvzAQu1gWLBh1WERrG6PzguJf2AYlJGxnIcFLkg.iVCEsTQpNqlhv5WbwXLm6o1NoPbomysrqL-JD3_VjQcg.JPEG.nombozero%2F297451143_6083333305015232_1519052753507582290_n.jpg%3Ftype%3Dw773</img>
		<introduction>나만 알고 싶은 닭도라탕</introduction>
		<embed>https://place.map.kakao.com/1020281406</embed>
		<tags>
			간장쪼림닭
			닭도리탕
			쭈꾸미닭도리탕
		</tags>
	</restaurant>
	<restaurant>
		<num>14</num>
		<name>남다른감자탕 평리점</name>
		<category>한식</category>
		<address>서구</address>
		<img>https://img1.kakaocdn.net/cthumb/local/R0x420/?fname=http%3A%2F%2Fpostfiles14.naver.net%2FMjAyMTA1MjFfNDcg%2FMDAxNjIxNTk3NDY0NzE3.nVx6cqA5Nw3LlQ06SaGOfzs96HEgmg1PrfGrQ9cQtr0g.WPVKyWRjzuK2YrSgfs0Ut-D3YgJDLH0gNrOkfrO9aXYg.JPEG.xxiiilliiixx%2F%25EF%25BB%25BF_%25EB%258C%2580%25EA%25B5%25AC_%25EC%2584%259C%25EA%25B5%25AC_%25EC%258B%25A0%25ED%258F%2589%25EB%25A6%25AC%25EB%2584%25A4%25EA%25B1%25B0%25EB%25A6%25AC_%25EB%25A7%259B%25EC%25A7%2591__%25EC%2596%25B8%25EC%25A0%259C_%25EB%25A8%25B9%25EC%2596%25B4%25EB%258F%2584_%25EB%25A7%259B%25EC%259E%2588%25EB%258A%2594_%25EB%25BC%2588%25ED%2595%25B4%25EC%259E%25A5%25EA%25B5%25AD_%2527%25EB%2582%25A8%25EB%258B%25A4%25EB%25A5%25B8_%25EA%25B0%2590%25EC%259E%2590%25ED%2583%2595%2527_(25).jpg%3Ftype%3Dw773</img>
		<introduction>언제 먹어도 맜있는 감자탕</introduction>
		<embed>https://place.map.kakao.com/16496965</embed>
		<tags>
			뼈전골
			감자탕
		</tags>
	</restaurant>
	<restaurant>
		<num>15</num>
		<name>얼음고을냉면</name>
		<category>한식</category>
		<address>서구</address>
		<img>https://img1.kakaocdn.net/cthumb/local/R0x420/?fname=https%3A%2F%2Fpostfiles.pstatic.net%2FMjAyMTA3MDVfMjM2%2FMDAxNjI1NDczNjY2Nzk1.OAujGlVL5RRkTiCbzX37JRamZxvFobW0Mj5Z3J3qDzQg.9aII3RRMaabL1Ryq8ZzcPejpUexTvCRPMQfEa1fXREEg.JPEG.nono1114%2F%25EB%25B3%25B4%25EC%25A0%2595_14.JPG%3Ftype%3Dw966</img>
		<introduction>20년 전통 냉면맛집</introduction>
		<embed>https://place.map.kakao.com/18336818</embed>
		<tags>
			물냉면
			비빔냉면
			회냉면
			칼국수
			갈비찜
		</tags>
	</restaurant>
	
	<restaurant>
		<num>1</num>
		<name>후라토식당 대구앞산점</name>
		<category>일식</category>
		<address>남구</address>
		<img>https://img1.kakaocdn.net/cthumb/local/R0x420/?fname=http%3A%2F%2Ft1.daumcdn.net%2Flocal%2FkakaomapPhoto%2Freview%2F5b41d6ebb85ed2f28837a9f97413b3c90593bf5d%3Foriginal</img>
		<introduction>규카츠로 유명한 집</introduction>
		<embed>https://place.map.kakao.com/1626665062</embed>
		<tags>
			오므라이스
			우동
			덮밥
			규카츠
		</tags>
	</restaurant>
	<restaurant>
		<num>2</num>
		<name>조조칼국수 앞산본점</name>
		<category>한식</category>
		<address>남구</address>
		<img>https://img1.kakaocdn.net/cthumb/local/R0x420/?fname=http%3A%2F%2Ft1.daumcdn.net%2Flocal%2FkakaomapPhoto%2Freview%2Fd3e79cd2821e621541a2ac690ec18192c6d6678d%3Foriginal</img>
		<introduction>신선한 동죽조개로 만든 칼국수</introduction>
		<embed>https://place.map.kakao.com/167701452</embed>
		<tags>
			칼국수
			물총
			낙지파전
		</tags>
	</restaurant>
	<restaurant>
		<num>3</num>
		<name>아리찬쭈구미</name>
		<category>해산물</category>
		<address>남구</address>
		<img>https://img1.kakaocdn.net/cthumb/local/R0x420/?fname=http%3A%2F%2Ft1.daumcdn.net%2Fplace%2F9D57F6D24A074F56A49E35DB6A3DD24C</img>
		<introduction>진짜 너무 맛있는 쭈구미집</introduction>
		<embed>https://place.map.kakao.com/1994271258</embed>
		<tags>
			쭈구미
			볶음밥
			계란찜
		</tags>
	</restaurant>
	<restaurant>
		<num>4</num>
		<name>블루웨이브</name>
		<category>양식</category>
		<address>남구</address>
		<img>https://img1.kakaocdn.net/cthumb/local/R0x420/?fname=https%3A%2F%2Fpostfiles.pstatic.net%2FMjAyMjA5MTRfMjA1%2FMDAxNjYzMTI1OTY5NDc5.8Kx6iH8vvEXq2eaXUFHm7d8PDncryUGCLHXbfkE0tP0g.6_crzFc9lorXdwJD1iMeqUCdC_HLHyAU_cGGKkCMAxwg.JPEG.rod_dl%2FSE-bed90284-eabc-4c38-837c-3879cf55e2a2.jpg%3Ftype%3Dw580</img>
		<introduction>스테이크 파스타 맛집</introduction>
		<embed>https://place.map.kakao.com/351709972</embed>
		<tags>
			스테이크
			파스타
			필라프
			스파게티
		</tags>
	</restaurant>
	<restaurant>
		<num>5</num>
		<name>진흥반점</name>
		<category>중식</category>
		<address>남구</address>
		<img>https://img1.kakaocdn.net/cthumb/local/R0x420/?fname=http%3A%2F%2Ft1.daumcdn.net%2Flocal%2FkakaomapPhoto%2Freview%2Fc2adfc2ccb3bb9ef953222beefbe63079fd4cf82b21649753b3a2882344c6670</img>
		<introduction>깔끔하고 가성비 좋은 집</introduction>
		<embed>https://place.map.kakao.com/11512812</embed>
		<tags>
			짬뽕
			짬뽕밥
			볶음밥
			짜장면
		</tags>
	</restaurant>
	<restaurant>
		<num>6</num>
		<name>앞산주택</name>
		<category>이탈리안</category>
		<address>남구</address>
		<img>https://img1.kakaocdn.net/cthumb/local/R0x420/?fname=http%3A%2F%2Ft1.daumcdn.net%2Fplace%2F2E729AE06437467CAEE72CC598805D98</img>
		<introduction>분위기 좋은 맛집</introduction>
		<embed>https://place.map.kakao.com/782774410</embed>
		<tags>
			파스타
			샐러드
			샌드위치
			스파게티
		</tags>
	</restaurant>
	<restaurant>
		<num>7</num>
		<name>순수산</name>
		<category>해산물</category>
		<address>남구</address>
		<img>https://img1.kakaocdn.net/cthumb/local/R0x420/?fname=http%3A%2F%2Ft1.daumcdn.net%2Fplace%2FC423A9886E2D44BEB233CE0146D989AE</img>
		<introduction>웨이팅만 견디면...</introduction>
		<embed>https://place.map.kakao.com/926945652</embed>
		<tags>
			모듬회
			광어회
			청어회김말이
			숙성도미회
			고등어봉초밥
		</tags>
	</restaurant>
	<restaurant>
		<num>8</num>
		<name>낙산가든</name>
		<category>한식</category>
		<address>남구</address>
		<img>https://img1.kakaocdn.net/cthumb/local/R0x420/?fname=http%3A%2F%2Ft1.daumcdn.net%2Fplace%2F55119BDB90BC4CBBB978F7A2728B42E2</img>
		<introduction>양념갈비 본연의 맛에 충실한 맛집</introduction>
		<embed>https://place.map.kakao.com/16231056</embed>
		<tags>
			돼지갈비
			돌솥비빔밥
			냉면
			돼지고기
		</tags>
	</restaurant>
	<restaurant>
		<num>9</num>
		<name>대쿠이 본점</name>
		<category>일식</category>
		<address>남구</address>
		<img>https://img1.kakaocdn.net/cthumb/local/R0x420/?fname=http%3A%2F%2Ft1.daumcdn.net%2Fplace%2F11DF3683A8654379B00C095BC738EE39</img>
		<introduction>비쥬얼 최고 모듬카츠</introduction>
		<embed>https://place.map.kakao.com/1955141468</embed>
		<tags>
			모듬카츠
		</tags>
	</restaurant>
	<restaurant>
		<num>10</num>
		<name>호어모아</name>
		<category>양식</category>
		<address>남구</address>
		<img>https://img1.kakaocdn.net/cthumb/local/R0x420/?fname=http%3A%2F%2Ft1.daumcdn.net%2Flocal%2FkakaomapPhoto%2Freview%2Fcf7e9a93318a895492d1d816559a2c533c06c4d3%3Foriginal</img>
		<introduction>하와이안 해산물 파스타 집</introduction>
		<embed>https://place.map.kakao.com/127437544</embed>
		<tags>
			스테이크
			파스타
			쉬림프
			갈비
			샐러드
			스파게티
		</tags>
	</restaurant>
	<restaurant>
		<num>11</num>
		<name>지오네 키친</name>
		<category>이탈리안</category>
		<address>남구</address>
		<img>https://img1.kakaocdn.net/cthumb/local/R0x420/?fname=https%3A%2F%2Fpostfiles.pstatic.net%2FMjAyMjA5MTdfMzMg%2FMDAxNjYzMzUxOTEzODQ4.vEeTiQctVGfebDypbNlFvPtY5hSwQiTWxcx7aSL7v9Eg.-EmOJLvHCxX0UNd3IEeH4qKqjGeduhvWGx8AEW1cSB8g.JPEG.enrmss2%2FSE-4056A491-6764-48D4-B47E-B703B414D00E.jpg%3Ftype%3Dw773</img>
		<introduction>이탈리안 요리 전문점</introduction>
		<embed>https://place.map.kakao.com/496242307</embed>
		<tags>
			파스타
			샐러드
			리조또
			피자
			스파게티
		</tags>
	</restaurant>
	<restaurant>
		<num>12</num>
		<name>레오차우</name>
		<category>멕시칸</category>
		<address>남구</address>
		<img>https://img1.kakaocdn.net/cthumb/local/R0x420/?fname=http%3A%2F%2Ft1.daumcdn.net%2Flocal%2FkakaomapPhoto%2Freview%2Fea2f34848dabbf89b160af5eaeff8b3c46916dc6%3Foriginal</img>
		<introduction>멕시칸 요리 전문점</introduction>
		<embed>https://place.map.kakao.com/11967394</embed>
		<tags>
			필라프
			샐러드
			타고라이스
			핫칠리포크
		</tags>
	</restaurant>
	<restaurant>
		<num>13</num>
		<name>신송자 신마산식당</name>
		<category>한식</category>
		<address>남구</address>
		<img>https://img1.kakaocdn.net/cthumb/local/R0x420/?fname=http%3A%2F%2Ft1.daumcdn.net%2Flocal%2FkakaomapPhoto%2Freview%2Fb8faf9b8df6bf9090d9bcedf27ea64da50a377d4%3Foriginal</img>
		<introduction>어느국밥집과 비교할수 없을정도의 맛</introduction>
		<embed>https://place.map.kakao.com/16267168</embed>
		<tags>
			국밥
			찐순대
			수육
		</tags>
	</restaurant>
	<restaurant>
		<num>14</num>
		<name>얹은</name>
		<category>일식</category>
		<address>남구</address>
		<img>https://img1.kakaocdn.net/cthumb/local/R0x420/?fname=https%3A%2F%2Fpostfiles.pstatic.net%2FMjAyMjA5MjNfMTQy%2FMDAxNjYzOTE0MDUxMDQx.lRwgG_mf6IgYRMyyFqWGL0IHQNzU5qum_xCOR7wcdZEg.ZSh7Je1lyt0EA66QM2e1KE7E_HraOcmLOKPrHgEHxecg.JPEG.mywhwldms%2FSE-A72588AE-E16A-4D0D-82F7-87BF4A33635C.jpg%3Ftype%3Dw966</img>
		<introduction>연어가 촉촉한 맛집</introduction>
		<embed>https://place.map.kakao.com/326168449</embed>
		<tags>
			초밥
			참돔
			우동
		</tags>
	</restaurant>
	<restaurant>
		<num>15</num>
		<name>또이스치킨찜닭</name>
		<category>한식</category>
		<address>남구</address>
		<img>https://img1.kakaocdn.net/cthumb/local/R0x420/?fname=http%3A%2F%2Ft1.daumcdn.net%2Flocal%2FkakaomapPhoto%2Freview%2Fa84bf92973f388629e05011a8709eb818ed89c01%3Foriginal</img>
		<introduction>양이 가득한 집</introduction>
		<embed>https://place.map.kakao.com/16458168</embed>
		<tags>
			찜닭
			양념치킨
			후라이드치킨
			후라이드똥집
		</tags>
	</restaurant>

    <restaurant>
		<num>1</num>
		<name>돼지만 본점</name>
		<category>한식</category>
		<address>달서구</address>
		<img>https://img1.kakaocdn.net/cthumb/local/R0x420/?fname=http%3A%2F%2Ft1.daumcdn.net%2Flocal%2FkakaomapPhoto%2Freview%2Ff61f642a02cb295c7356d88271ee9a37f48cd37f%3Foriginal</img>
		<introduction>싱싱한 돼지고기 맛집</introduction>
		<embed>https://place.map.kakao.com/19471519</embed>
		<tags>
			돼지고기
			삼겹살
			목살
			뚝배기
		</tags>
	</restaurant>
 	<restaurant>
		<num>2</num>
		<name>쿄우다이</name>
		<category>일식</category>
		<address>달서구</address>
		<img>https://img1.kakaocdn.net/cthumb/local/R0x420/?fname=http%3A%2F%2Ft1.daumcdn.net%2Fplace%2FD149FD451F8E454EB4DEEF792455983A</img>
		<introduction>탱글탱글하고 맛있는 초밥 맛집</introduction>
		<embed>https://place.map.kakao.com/111833075</embed>
		<tags>
			초밥
			스시
		</tags>
	</restaurant>
 	<restaurant>
		<num>3</num>
		<name>골목다이닝</name>
		<category>양식</category>
		<address>달서구</address>
		<img>https://img1.kakaocdn.net/cthumb/local/R0x420/?fname=http%3A%2F%2Ft1.daumcdn.net%2Flocal%2FkakaomapPhoto%2Freview%2F0fe6a3e8aac6af41380e74228497f4203560a542%3Foriginal</img>
		<introduction>우리동네 양식 맛집!!</introduction>
		<embed>https://place.map.kakao.com/366028233</embed>
		<tags>
			파스타
			스테이크
			리조또
			까르보나라
			스파게티
		</tags>
	</restaurant>
 	<restaurant>
		<num>4</num>
		<name>꼬모맨션</name>
		<category>카페</category>
		<address>달서구</address>
		<img>https://img1.kakaocdn.net/cthumb/local/R0x420/?fname=http%3A%2F%2Ft1.daumcdn.net%2Fplace%2FA16C5E19827646D68BD903EA8F2FF81B</img>
		<introduction>따끈따끈한 빵과 커피</introduction>
		<embed>https://place.map.kakao.com/193079786</embed>
		<tags>
			커피
			빵
			케이크
		</tags>
	</restaurant>
 	<restaurant>
		<num>5</num>
		<name>롤다운버거</name>
		<category>양식</category>
		<address>달서구</address>
		<img>https://img1.kakaocdn.net/cthumb/local/R0x420/?fname=http%3A%2F%2Ft1.daumcdn.net%2Fplace%2F5CA3278A0E6C4C0B97BFF902B82850AE</img>
		<introduction>수제버거 먹을땐 롤다운버거!</introduction>
		<embed>https://place.map.kakao.com/1136362602</embed>
		<tags>
			버거
			햄버거
		</tags>
	</restaurant>
 	<restaurant>
		<num>6</num>
		<name>에이엠</name>
		<category>양식</category>
		<address>달서구</address>
		<img>https://img1.kakaocdn.net/cthumb/local/R0x420/?fname=http%3A%2F%2Ft1.daumcdn.net%2Fplace%2FAD395F5E21464D99B845CCAFF93CF226</img>
		<introduction>최고의 분위기에 최고의 맛!!</introduction>
		<embed>https://place.map.kakao.com/214519426</embed>
		<tags>
			파스타
			스테이크
			리조또
			피자
			스파게티
		</tags>
	</restaurant>
 	<restaurant>
		<num>7</num>
		<name>스시요이</name>
		<category>일식</category>
		<address>달서구</address>
		<img>https://img1.kakaocdn.net/cthumb/local/R0x420/?fname=http%3A%2F%2Ft1.kakaocdn.net%2Ffiy_reboot%2Fplace%2FDA5C6C19722A4B40848E0ED30851777C</img>
		<introduction>고퀄리티 초밥을 맛보고 싶다면!</introduction>
		<embed>https://place.map.kakao.com/1871443655</embed>
		<tags>
			스시
			초밥
		</tags>
	</restaurant>
 	<restaurant>
		<num>8</num>
		<name>기리 상인점</name>
		<category>일식</category>
		<address>달서구</address>
		<img>https://img1.kakaocdn.net/cthumb/local/R0x420/?fname=http%3A%2F%2Ft1.daumcdn.net%2Fplace%2FB8DB6F28C0104A7DA49B0DBC0303E146</img>
		<introduction>상인동 최고의 돈까스 맛집!!</introduction>
		<embed>https://place.map.kakao.com/1262821370</embed>
		<tags>
			돈까스
			라멘
			카레
		</tags>
	</restaurant>
 	<restaurant>
		<num>9</num>
		<name>대천국밥</name>
		<category>한식</category>
		<address>달서구</address>
		<img>https://img1.kakaocdn.net/cthumb/local/R0x420/?fname=http%3A%2F%2Ft1.daumcdn.net%2Flocal%2FkakaomapPhoto%2Freview%2Fe6d49e535e97ff7c3af43605a8d7aa73470c2a12%3Foriginal</img>
		<introduction>깔끔하고 든든한 국밥 맛집!</introduction>
		<embed>https://place.map.kakao.com/502362353</embed>
		<tags>
			국밥
			수육
			보쌈
		</tags>
	</restaurant>
 	<restaurant>
		<num>10</num>
		<name>저팔계양념숯불곱창</name>
		<category>한식</category>
		<address>달서구</address>
		<img>https://img1.kakaocdn.net/cthumb/local/R0x420/?fname=http%3A%2F%2Ft1.daumcdn.net%2Fplace%2F06A4D4754EB247D9AE0E85A8D1F12B94</img>
		<introduction> 동네사람들 다 아는 곱창 맛집! </introduction>
		<embed>https://place.map.kakao.com/16465016</embed>
		<tags>
			곱창
			삼겹살
			돼지고기
		</tags>
	</restaurant>
 	<restaurant>
		<num>11</num>
		<name>아담스키친</name>
		<category>양식</category>
		<address>달서구</address>
		<img>https://img1.kakaocdn.net/cthumb/local/R0x420/?fname=http%3A%2F%2Ft1.daumcdn.net%2Flocal%2FkakaomapPhoto%2Freview%2Fa6bed815bb0043a79aef60794bce68ab035eca79%3Foriginal</img>
		<introduction>고급지고 낭만적인 맛집!</introduction>
		<embed>https://place.map.kakao.com/21360189</embed>
		<tags>
			스테이크
			파스타
			피자
			리조또
			스파게티
		</tags>
	</restaurant>
 	<restaurant>
		<num>12</num>
		<name>스시보노 성서점</name>
		<category>일식</category>
		<address>달서구</address>
		<img>https://img1.kakaocdn.net/cthumb/local/R0x420/?fname=https%3A%2F%2Fpostfiles.pstatic.net%2FMjAyMjA5MDlfOTEg%2FMDAxNjYyNjk4NzU5NjUy.TC_EgapZRkK8BvHaGkQE9nuPApCc1YOuEu9Rg5KJ_Hcg.ptAJDeIxcA9ZbVkf8vQyyIDWB8oGKJzS1DGzKBRkjt4g.JPEG.acidorange%2FDSC_9161.JPG%3Ftype%3Dw966</img>
		<introduction>최고의 가성비 스시집!</introduction>
		<embed>https://place.map.kakao.com/190087912</embed>
		<tags>
			초밥
			스시
			우동
		</tags>
	</restaurant>
 	<restaurant>
		<num>13</num>
		<name>뼈나루 감자탕</name>
		<category>한식</category>
		<address>달서구</address>
		<img>https://img1.kakaocdn.net/cthumb/local/R0x420/?fname=http%3A%2F%2Ft1.daumcdn.net%2Fplace%2F24DA475B7287435780B17DD294C21589</img>
		<introduction>감자탕의 자존심..!</introduction>
		<embed>https://place.map.kakao.com/10854398</embed>
		<tags>
			해장국
			감자탕
			국밥
		</tags>
	</restaurant>
 	<restaurant>
		<num>14</num>
		<name>김밥이야</name>
		<category>한식</category>
		<address>달서구</address>
		<img>https://img1.kakaocdn.net/cthumb/local/R0x420/?fname=https%3A%2F%2Fpostfiles.pstatic.net%2FMjAyMjA4MDhfMTAg%2FMDAxNjU5OTI1MTc3OTEx.z1T512HA8JXz1-syxqHTv8i-f3yEOlWWEJGRGVf8NGkg.p3UhJxM-Hm7V86tym5YxwiT58MAzHXRTjiaf-_ZYongg.JPEG.1014_00%2FIMG_6536.JPG%3Ftype%3Dw773</img>
		<introduction>또먹고 싶은 김밥집!</introduction>
		<embed>https://place.map.kakao.com/20373167</embed>
		<tags>
			김밥
			떡볶이
			쫄면
			돈까스
		</tags>
	</restaurant>
 	<restaurant>
		<num>15</num>
		<name>양파식당</name>
		<category>한식</category>
		<address>달서구</address>
		<img>https://img1.kakaocdn.net/cthumb/local/R0x420/?fname=https%3A%2F%2Fpostfiles.pstatic.net%2FMjAyMjA2MDNfMzgg%2FMDAxNjU0MjE5ODQwNzky.YGi9xgffnTqg9vIjBbw8mpROWg82HkCWHhlktB-h3Agg.6FLUQWsN4oKgu3tM4_ilSE2lp1iy9DotkIPbkH86gL0g.JPEG.sikkee2%2FIMG_0943.jpg%3Ftype%3Dw966</img>
		<introduction>죽전동 소문난 고깃집!</introduction>
		<embed>https://place.map.kakao.com/17164151</embed>
		<tags>
			소고기
			갈비
			등심
			돼지고기
		</tags>
	</restaurant>
</data>